ID_Viagem,Data,Tipo_Frota,Placa_Veiculo,Motorista,Rota,Distancia_km,Carga_Toneladas,Valor_Frete_R$_Ton,Receita_Faturada_R$,Consumo_Diesel_L,Media_Consumo_km_l,Custo_Diesel_R$,Custo_Pedagio_R$,Custo_Manutencao_R$,Custo_Total_Viagem_R$,Margem_Lucro_R$,R$_Km,R$_Ton_Efetivo,Tempo_Rodando_h,Fila_Silo_h,Fila_Porto_Tombador_h,Tempo_Total_Ciclo_h,Score_Telemetria,Emissao_CO2_kg,Status_Entrega
VJ-10000,01/02/2026,Dedicada,PR-D082,Motorista_068,Silo Francisco Beltrão -> Porto de Paranaguá (PR),580,48.12,188.21,9056.67,331.4,1.75,2038.11,340.0,0.0,2378.11,6678.56,4.1,49.42,10.9,1.2,19.2,31.3,85,888.2,Atrasado (Fila)
VJ-10001,01/02/2026,Dedicada,PR-D020,Motorista_036,Silo Francisco Beltrão -> Porto de Paranaguá (PR),580,50.32,196.29,9877.31,316.9,1.83,1948.94,340.0,0.0,2288.94,7588.37,3.95,45.49,10.8,2.4,2.7,15.9,96,849.3,No Prazo
VJ-10002,01/02/2026,Dedicada,PR-D065,Motorista_073,Silo Dois Vizinhos -> Terminal Mairinque (SP),620,49.86,199.33,9938.59,356.3,1.74,2191.25,410.0,0.0,2601.25,7337.34,4.2,52.17,10.0,1.7,1.0,12.7,93,954.9,No Prazo
VJ-10003,01/02/2026,Própria,PR-P002,Motorista_008,Silo Francisco Beltrão -> Porto de Paranaguá (PR),580,49.62,208.39,10340.31,299.0,1.94,1838.85,340.0,261.0,2619.85,7720.46,4.52,52.8,10.4,2.2,0.2,12.8,92,801.3,No Prazo
VJ-10004,01/02/2026,Dedicada,PR-D036,Motorista_021,Silo Francisco Beltrão -> Porto de Paranaguá (PR),580,50.28,202.09,10161.09,349.4,1.66,2148.81,340.0,0.0,2488.81,7672.28,4.29,49.5,9.4,3.7,9.1,22.2,93,936.4,No Prazo
VJ-10005,01/02/2026,Dedicada,PR-D191,Motorista_050,Silo Dois Vizinhos -> Terminal Mairinque (SP),620,49.89,207.88,10371.13,333.3,1.86,2049.8,410.0,0.0,2459.8,7911.33,3.97,49.3,10.2,2.5,1.6,14.3,79,893.2,No Prazo
VJ-10006,01/02/2026,Dedicada,PR-D053,Motorista_052,Silo Capanema -> Porto de Itaqui (MA) [Arco Norte],2100,48.2,291.02,14027.16,1179.8,1.78,7255.77,180.0,0.0,7435.77,6591.39,3.54,154.27,35.6,2.3,5.3,43.2,89,3161.9,No Prazo
VJ-10007,01/02/2026,Dedicada,PR-D014,Motorista_012,Silo Realeza -> Transbordo Ferroviário (PR),280,50.4,90.56,4564.22,162.8,1.72,1001.22,160.0,0.0,1161.22,3403.0,4.15,23.04,5.4,1.5,1.9,8.8,64,436.3,No Prazo
VJ-10008,01/02/2026,Dedicada,PR-D037,Motorista_145,Silo Francisco Beltrão -> Porto de Paranaguá (PR),580,48.94,190.89,9342.16,329.5,1.76,2026.43,340.0,0.0,2366.43,6975.73,4.08,48.35,10.3,1.1,1.7,13.1,77,883.1,No Prazo
VJ-10009,01/02/2026,Dedicada,PR-D202,Motorista_061,Silo Pato Branco -> Indústria Esmagadora (PR),140,49.74,57.2,2845.13,77.3,1.81,475.4,85.0,0.0,560.4,2284.73,4.0,11.27,2.6,3.5,1.2,7.3,61,207.2,No Prazo
VJ-10010,01/02/2026,Dedicada,PR-D154,Motorista_007,Silo Capanema -> Porto de Itaqui (MA) [Arco Norte],2100,48.7,303.42,14776.55,1166.7,1.8,7175.21,180.0,0.0,7355.21,7421.34,3.5,151.03,35.8,2.6,9.9,48.3,79,3126.8,No Prazo
VJ-10011,01/02/2026,Dedicada,PR-D154,Motorista_066,Silo Francisco Beltrão -> Porto de Paranaguá (PR),580,48.45,209.75,10162.39,339.2,1.71,2086.08,340.0,0.0,2426.08,7736.31,4.18,50.07,10.4,1.0,5.7,17.1,98,909.1,No Prazo
VJ-10012,02/02/2026,Dedicada,PR-D125,Motorista_132,Silo Dois Vizinhos -> Terminal Mairinque (SP),620,49.56,219.03,10855.13,364.7,1.7,2242.91,410.0,0.0,2652.91,8202.22,4.28,53.53,9.9,2.6,0.5,13.0,80,977.4,Atrasado (Manutenção)
VJ-10013,02/02/2026,Dedicada,PR-D116,Motorista_106,Silo Francisco Beltrão -> Porto de Paranaguá (PR),580,48.35,197.36,9542.36,311.8,1.86,1917.57,340.0,0.0,2257.57,7284.79,3.89,46.69,10.8,1.9,2.5,15.2,98,835.6,Atrasado (Fila)
VJ-10014,02/02/2026,Própria,PR-P025,Motorista_137,Silo Francisco Beltrão -> Porto de Paranaguá (PR),580,48.29,188.43,9099.28,315.2,1.84,1938.48,340.0,261.0,2719.48,6379.8,4.69,56.32,10.0,1.2,1.0,12.2,94,844.7,No Prazo
VJ-10015,02/02/2026,Dedicada,PR-D184,Motorista_049,Silo Francisco Beltrão -> Porto de Paranaguá (PR),580,49.65,185.02,9186.24,315.2,1.84,1938.48,340.0,0.0,2278.48,6907.76,3.93,45.89,9.9,1.6,1.5,13.0,98,844.7,Atrasado (Fila)
VJ-10016,02/02/2026,Dedicada,PR-D127,Motorista_065,Silo Pato Branco -> Indústria Esmagadora (PR),140,49.97,51.45,2570.96,80.9,1.73,497.54,85.0,0.0,582.54,1988.42,4.16,11.66,2.3,3.0,0.8,6.1,61,216.8,No Prazo
VJ-10017,02/02/2026,Dedicada,PR-D054,Motorista_060,Silo Francisco Beltrão -> Porto de Paranaguá (PR),580,49.11,198.32,9739.5,322.2,1.8,1981.53,340.0,0.0,2321.53,7417.97,4.0,47.27,9.6,2.7,2.7,15.0,90,863.5,No Prazo
VJ-10018,02/02/2026,Dedicada,PR-D156,Motorista_099,Silo Realeza -> Transbordo Ferroviário (PR),280,50.47,90.95,4590.25,153.0,1.83,940.95,160.0,0.0,1100.95,3489.3,3.93,21.81,4.9,3.8,0.8,9.5,81,410.0,No Prazo
VJ-10019,02/02/2026,Dedicada,PR-D028,Motorista_108,Silo Pato Branco -> Indústria Esmagadora (PR),140,50.2,56.5,2836.3,83.8,1.67,515.37,85.0,0.0,600.37,2235.93,4.29,11.96,2.3,0.5,1.4,4.2,87,224.6,No Prazo
VJ-10020,02/02/2026,Própria,PR-P045,Motorista_018,Silo Francisco Beltrão -> Porto de Paranaguá (PR),580,48.62,201.9,9816.38,303.7,1.91,1867.76,340.0,261.0,2648.76,7167.62,4.57,54.48,9.7,3.6,5.0,18.3,90,813.9,No Prazo
VJ-10021,02/02/2026,Própria,PR-P010,Motorista_092,Silo Pato Branco -> Indústria Esmagadora (PR),140,48.98,49.05,2402.47,74.5,1.88,458.18,85.0,63.0,786.18,1616.29,5.62,16.05,2.6,2.2,0.7,5.5,83,199.7,No Prazo
VJ-10022,02/02/2026,Dedicada,PR-D043,Motorista_094,Silo Francisco Beltrão -> Porto de Paranaguá (PR),580,50.11,206.69,10357.24,324.0,1.79,1992.6,340.0,0.0,2332.6,8024.64,4.02,46.55,10.2,3.6,9.6,23.4,95,868.3,No Prazo
VJ-10023,02/02/2026,Dedicada,PR-D031,Motorista_070,Silo Dois Vizinhos -> Terminal Mairinque (SP),620,50.18,195.81,9825.75,348.3,1.78,2142.04,410.0,0.0,2552.04,7273.71,4.12,50.86,10.3,2.1,0.6,13.0,93,933.4,Atrasado (Fila)
VJ-10024,03/02/2026,Dedicada,PR-D052,Motorista_093,Silo Pato Branco -> Indústria Esmagadora (PR),140,50.47,59.47,3001.45,83.8,1.67,515.37,85.0,0.0,600.37,2401.08,4.29,11.9,2.7,2.6,1.0,6.3,92,224.6,Atrasado (Fila)
VJ-10025,03/02/2026,Dedicada,PR-D036,Motorista_067,Silo Francisco Beltrão -> Porto de Paranaguá (PR),580,48.07,208.84,10038.94,337.2,1.72,2073.78,340.0,0.0,2413.78,7625.16,4.16,50.21,10.1,3.7,15.3,29.1,67,903.7,No Prazo
VJ-10026,03/02/2026,Própria,PR-P018,Motorista_048,Silo Pato Branco -> Indústria Esmagadora (PR),140,49.71,45.77,2275.23,70.0,2.0,430.5,85.0,63.0,758.5,1516.73,5.42,15.26,2.7,2.8,1.1,6.6,79,187.6,No Prazo
VJ-10027,03/02/2026,Própria,PR-P006,Motorista_013,Silo Realeza -> Transbordo Ferroviário (PR),280,49.41,92.55,4572.9,146.6,1.91,901.59,160.0,126.0,1367.59,3205.31,4.88,27.68,5.2,4.0,1.1,10.3,81,392.9,No Prazo
VJ-10028,03/02/2026,Dedicada,PR-D056,Motorista_135,Silo Francisco Beltrão -> Porto de Paranaguá (PR),580,50.06,196.84,9853.81,313.5,1.85,1928.02,340.0,0.0,2268.02,7585.79,3.91,45.31,10.7,3.8,4.6,19.1,70,840.2,No Prazo
VJ-10029,03/02/2026,Dedicada,PR-D168,Motorista_026,Silo Capanema -> Porto de Itaqui (MA) [Arco Norte],2100,49.42,294.04,14531.46,1123.0,1.87,6906.45,180.0,0.0,7086.45,7445.01,3.37,143.39,34.9,3.2,7.7,45.8,74,3009.6,No Prazo
VJ-10030,03/02/2026,Dedicada,PR-D098,Motorista_087,Silo Dois Vizinhos -> Terminal Mairinque (SP),620,49.42,194.06,9590.45,362.6,1.71,2229.99,410.0,0.0,2639.99,6950.46,4.26,53.42,11.9,3.0,1.3,16.2,69,971.8,Atrasado (Fila)
VJ-10031,03/02/2026,Dedicada,PR-D180,Motorista_121,Silo Pato Branco -> Indústria Esmagadora (PR),140,50.39,49.76,2507.41,80.5,1.74,495.08,85.0,0.0,580.08,1927.33,4.14,11.51,2.6,3.8,0.7,7.1,97,215.7,No Prazo
VJ-10032,03/02/2026,Dedicada,PR-D182,Motorista_058,Silo Francisco Beltrão -> Porto de Paranaguá (PR),580,49.49,188.01,9304.61,339.2,1.71,2086.08,340.0,0.0,2426.08,6878.53,4.18,49.02,10.8,3.6,12.3,26.7,70,909.1,No Prazo
VJ-10033,03/02/2026,Dedicada,PR-D058,Motorista_040,Silo Francisco Beltrão -> Porto de Paranaguá (PR),580,50.06,198.44,9933.91,313.5,1.85,1928.02,340.0,0.0,2268.02,7665.89,3.91,45.31,9.4,3.0,0.4,12.8,92,840.2,No Prazo
VJ-10034,03/02/2026,Dedicada,PR-D073,Motorista_137,Silo Pato Branco -> Indústria Esmagadora (PR),140,48.21,50.6,2439.43,82.8,1.69,509.22,85.0,0.0,594.22,1845.21,4.24,12.33,2.6,3.1,0.8,6.5,64,221.9,No Prazo
VJ-10035,03/02/2026,Dedicada,PR-D084,Motorista_149,Silo Pato Branco -> Indústria Esmagadora (PR),140,48.99,58.74,2877.67,76.1,1.84,468.02,85.0,0.0,553.02,2324.65,3.95,11.29,2.4,3.3,0.7,6.4,69,203.9,No Prazo
VJ-10036,04/02/2026,Dedicada,PR-D039,Motorista_100,Silo Francisco Beltrão -> Porto de Paranaguá (PR),580,49.25,209.51,10318.37,347.3,1.67,2135.9,340.0,0.0,2475.9,7842.47,4.27,50.27,9.5,2.6,1.0,13.1,79,930.8,No Prazo
VJ-10037,04/02/2026,Dedicada,PR-D102,Motorista_055,Silo Realeza -> Transbordo Ferroviário (PR),280,49.49,102.52,5073.71,150.5,1.86,925.58,160.0,0.0,1085.58,3988.13,3.88,21.94,5.3,1.5,1.6,8.4,70,403.3,No Prazo
VJ-10038,04/02/2026,Dedicada,PR-D126,Motorista_030,Silo Pato Branco -> Indústria Esmagadora (PR),140,48.58,56.65,2752.06,76.9,1.82,472.94,85.0,0.0,557.94,2194.12,3.99,11.48,2.4,1.4,0.9,4.7,65,206.1,No Prazo
VJ-10039,04/02/2026,Dedicada,PR-D158,Motorista_082,Silo Pato Branco -> Indústria Esmagadora (PR),140,48.13,48.0,2310.24,76.1,1.84,468.02,85.0,0.0,553.02,1757.22,3.95,11.49,2.2,3.2,0.9,6.3,90,203.9,No Prazo
VJ-10040,04/02/2026,Dedicada,PR-D140,Motorista_131,Silo Dois Vizinhos -> Terminal Mairinque (SP),620,49.3,197.7,9746.61,335.1,1.85,2060.87,410.0,0.0,2470.87,7275.74,3.99,50.12,11.4,1.5,1.8,14.7,88,898.1,No Prazo
VJ-10041,04/02/2026,Dedicada,PR-D076,Motorista_075,Silo Dois Vizinhos -> Terminal Mairinque (SP),620,48.0,198.08,9507.84,369.0,1.68,2269.35,410.0,0.0,2679.35,6828.49,4.32,55.82,11.4,1.0,1.4,13.8,81,988.9,No Prazo
VJ-10042,04/02/2026,Própria,PR-P034,Motorista_148,Silo Francisco Beltrão -> Porto de Paranaguá (PR),580,48.89,190.94,9335.06,310.2,1.87,1907.73,340.0,261.0,2688.73,6646.33,4.64,55.0,10.0,2.6,2.9,15.5,86,831.3,No Prazo
VJ-10043,04/02/2026,Dedicada,PR-D119,Motorista_146,Silo Pato Branco -> Indústria Esmagadora (PR),140,49.21,48.32,2377.83,75.3,1.86,463.1,85.0,0.0,548.1,1829.73,3.92,11.14,2.4,3.8,0.6,6.8,98,201.8,Atrasado (Manutenção)
VJ-10044,04/02/2026,Dedicada,PR-D062,Motorista_113,Silo Francisco Beltrão -> Porto de Paranaguá (PR),580,48.2,191.88,9248.62,311.8,1.86,1917.57,340.0,0.0,2257.57,6991.05,3.89,46.84,10.2,1.4,1.3,12.9,98,835.6,No Prazo
VJ-10045,04/02/2026,Dedicada,PR-D184,Motorista_067,Silo Francisco Beltrão -> Porto de Paranaguá (PR),580,49.29,209.37,10319.85,331.4,1.75,2038.11,340.0,0.0,2378.11,7941.74,4.1,48.25,9.4,1.7,8.5,19.6,85,888.2,No Prazo
VJ-10046,04/02/2026,Dedicada,PR-D008,Motorista_045,Silo Pato Branco -> Indústria Esmagadora (PR),140,48.33,59.0,2851.47,74.9,1.87,460.64,85.0,0.0,545.64,2305.83,3.9,11.29,2.5,1.6,0.7,4.8,69,200.7,Atrasado (Fila)
VJ-10047,04/02/2026,Dedicada,PR-D136,Motorista_137,Silo Dois Vizinhos -> Terminal Mairinque (SP),620,48.75,216.73,10565.59,333.3,1.86,2049.8,410.0,0.0,2459.8,8105.79,3.97,50.46,10.3,1.1,0.7,12.1,97,893.2,No Prazo
VJ-10048,05/02/2026,Dedicada,PR-D160,Motorista_107,Silo Francisco Beltrão -> Porto de Paranaguá (PR),580,49.9,180.22,8992.98,311.8,1.86,1917.57,340.0,0.0,2257.57,6735.41,3.89,45.24,9.4,3.9,8.7,22.0,91,835.6,Atrasado (Fila)
VJ-10049,05/02/2026,Própria,PR-P029,Motorista_132,Silo Pato Branco -> Indústria Esmagadora (PR),140,49.51,49.88,2469.56,76.1,1.84,468.02,85.0,63.0,796.02,1673.54,5.69,16.08,2.7,3.3,1.7,7.7,81,203.9,No Prazo
VJ-10050,05/02/2026,Própria,PR-P022,Motorista_026,Silo Pato Branco -> Indústria Esmagadora (PR),140,48.04,56.28,2703.69,76.9,1.82,472.94,85.0,63.0,800.94,1902.75,5.72,16.67,2.6,1.5,1.4,5.5,76,206.1,No Prazo
VJ-10051,05/02/2026,Dedicada,PR-D128,Motorista_065,Silo Francisco Beltrão -> Porto de Paranaguá (PR),580,48.43,184.53,8936.79,345.2,1.68,2122.98,340.0,0.0,2462.98,6473.81,4.25,50.86,9.8,3.5,4.5,17.8,96,925.1,No Prazo
VJ-10052,05/02/2026,Própria,PR-P035,Motorista_068,Silo Dois Vizinhos -> Terminal Mairinque (SP),620,48.78,193.11,9419.91,329.8,1.88,2028.27,410.0,279.0,2897.27,6522.64,4.67,59.39,10.5,1.9,0.6,13.0,93,883.9,No Prazo
VJ-10053,05/02/2026,Dedicada,PR-D032,Motorista_046,Silo Francisco Beltrão -> Porto de Paranaguá (PR),580,48.03,204.01,9798.6,315.2,1.84,1938.48,340.0,0.0,2278.48,7520.12,3.93,47.44,10.3,2.0,0.9,13.2,75,844.7,No Prazo
VJ-10054,05/02/2026,Própria,PR-P025,Motorista_074,Silo Realeza -> Transbordo Ferroviário (PR),280,50.3,107.17,5390.65,146.6,1.91,901.59,160.0,126.0,1367.59,4023.06,4.88,27.19,4.8,1.4,0.7,6.9,80,392.9,No Prazo
VJ-10055,05/02/2026,Dedicada,PR-D147,Motorista_050,Silo Pato Branco -> Indústria Esmagadora (PR),140,49.03,45.2,2216.16,78.2,1.79,480.93,85.0,0.0,565.93,1650.23,4.04,11.54,2.4,2.0,1.7,6.1,99,209.6,No Prazo
VJ-10056,05/02/2026,Dedicada,PR-D124,Motorista_054,Silo Dois Vizinhos -> Terminal Mairinque (SP),620,50.42,203.35,10252.91,366.9,1.69,2256.44,410.0,0.0,2666.44,7586.47,4.3,52.88,11.7,2.0,0.9,14.6,79,983.3,No Prazo
VJ-10057,05/02/2026,Dedicada,PR-D023,Motorista_048,Silo Francisco Beltrão -> Porto de Paranaguá (PR),580,48.85,202.36,9885.29,324.0,1.79,1992.6,340.0,0.0,2332.6,7552.69,4.02,47.75,10.1,2.2,0.2,12.5,82,868.3,No Prazo
VJ-10058,05/02/2026,Dedicada,PR-D017,Motorista_147,Silo Francisco Beltrão -> Porto de Paranaguá (PR),580,48.54,191.64,9302.21,341.2,1.7,2098.38,340.0,0.0,2438.38,6863.83,4.2,50.23,10.6,4.0,15.5,30.1,77,914.4,Atrasado (Fila)
VJ-10059,05/02/2026,Dedicada,PR-D200,Motorista_110,Silo Capanema -> Porto de Itaqui (MA) [Arco Norte],2100,48.43,280.53,13586.07,1153.8,1.82,7095.87,180.0,0.0,7275.87,6310.2,3.46,150.23,34.5,3.2,8.1,45.8,62,3092.2,No Prazo
VJ-10060,06/02/2026,Dedicada,PR-D084,Motorista_018,Silo Pato Branco -> Indústria Esmagadora (PR),140,49.58,54.35,2694.67,82.8,1.69,509.22,85.0,0.0,594.22,2100.45,4.24,11.99,2.4,0.6,1.2,4.2,72,221.9,No Prazo
VJ-10061,06/02/2026,Dedicada,PR-D149,Motorista_071,Silo Capanema -> Porto de Itaqui (MA) [Arco Norte],2100,48.53,296.5,14389.14,1153.8,1.82,7095.87,180.0,0.0,7275.87,7113.27,3.46,149.93,37.7,3.7,14.2,55.6,72,3092.2,No Prazo
VJ-10062,06/02/2026,Dedicada,PR-D013,Motorista_062,Silo Francisco Beltrão -> Porto de Paranaguá (PR),580,50.12,192.06,9626.05,318.7,1.82,1960.0,340.0,0.0,2300.0,7326.05,3.97,45.89,11.1,2.2,3.9,17.2,85,854.1,No Prazo
VJ-10063,06/02/2026,Própria,PR-P040,Motorista_017,Silo Dois Vizinhos -> Terminal Mairinque (SP),620,48.19,204.24,9842.33,310.0,2.0,1906.5,410.0,279.0,2775.5,7066.83,4.48,57.59,10.2,0.5,0.9,11.6,79,830.8,No Prazo
VJ-10064,06/02/2026,Dedicada,PR-D206,Motorista_117,Silo Pato Branco -> Indústria Esmagadora (PR),140,48.83,46.56,2273.52,75.3,1.86,463.1,85.0,0.0,548.1,1725.42,3.92,11.22,2.5,1.3,0.9,4.7,70,201.8,No Prazo
VJ-10065,06/02/2026,Dedicada,PR-D165,Motorista_131,Silo Pato Branco -> Indústria Esmagadora (PR),140,49.99,52.49,2623.98,82.8,1.69,509.22,85.0,0.0,594.22,2029.76,4.24,11.89,2.7,2.0,1.1,5.8,94,221.9,No Prazo
VJ-10066,06/02/2026,Dedicada,PR-D124,Motorista_029,Silo Francisco Beltrão -> Porto de Paranaguá (PR),580,50.16,195.88,9825.34,333.3,1.74,2049.8,340.0,0.0,2389.8,7435.54,4.12,47.64,10.5,3.6,7.7,21.8,87,893.2,No Prazo
VJ-10067,06/02/2026,Dedicada,PR-D087,Motorista_050,Silo Pato Branco -> Indústria Esmagadora (PR),140,48.01,48.89,2347.21,82.8,1.69,509.22,85.0,0.0,594.22,1752.99,4.24,12.38,2.2,1.4,1.7,5.3,70,221.9,No Prazo
VJ-10068,06/02/2026,Própria,PR-P030,Motorista_045,Silo Dois Vizinhos -> Terminal Mairinque (SP),620,50.49,218.85,11049.74,313.1,1.98,1925.57,410.0,279.0,2794.57,8255.17,4.51,55.35,11.8,2.5,0.6,14.9,82,839.1,No Prazo
VJ-10069,06/02/2026,Dedicada,PR-D149,Motorista_055,Silo Dois Vizinhos -> Terminal Mairinque (SP),620,48.44,205.33,9946.19,337.0,1.84,2072.55,410.0,0.0,2482.55,7463.64,4.0,51.25,10.4,0.8,0.8,12.0,61,903.2,No Prazo
VJ-10070,06/02/2026,Dedicada,PR-D111,Motorista_022,Silo Pato Branco -> Indústria Esmagadora (PR),140,50.1,52.85,2647.79,76.9,1.82,472.94,85.0,0.0,557.94,2089.85,3.99,11.14,2.4,0.6,0.9,3.9,85,206.1,Atrasado (Fila)
VJ-10071,06/02/2026,Dedicada,PR-D121,Motorista_008,Silo Realeza -> Transbordo Ferroviário (PR),280,48.4,95.14,4604.78,162.8,1.72,1001.22,160.0,0.0,1161.22,3443.56,4.15,23.99,4.6,3.0,1.3,8.9,79,436.3,No Prazo
VJ-10072,07/02/2026,Dedicada,PR-D092,Motorista_117,Silo Realeza -> Transbordo Ferroviário (PR),280,50.03,96.95,4850.41,155.6,1.8,956.94,160.0,0.0,1116.94,3733.47,3.99,22.33,5.1,2.6,1.3,9.0,68,417.0,No Prazo
VJ-10073,07/02/2026,Dedicada,PR-D181,Motorista_006,Silo Francisco Beltrão -> Porto de Paranaguá (PR),580,50.15,181.01,9077.65,325.8,1.78,2003.67,340.0,0.0,2343.67,6733.98,4.04,46.73,9.3,1.8,4.0,15.1,86,873.1,No Prazo
VJ-10074,07/02/2026,Dedicada,PR-D078,Motorista_083,Silo Pato Branco -> Indústria Esmagadora (PR),140,48.08,53.93,2592.95,83.3,1.68,512.29,85.0,0.0,597.29,1995.66,4.27,12.42,2.4,2.7,1.4,6.5,70,223.2,No Prazo
VJ-10075,07/02/2026,Dedicada,PR-D094,Motorista_102,Silo Francisco Beltrão -> Porto de Paranaguá (PR),580,48.3,194.9,9413.67,318.7,1.82,1960.0,340.0,0.0,2300.0,7113.67,3.97,47.62,9.8,1.1,3.0,13.9,63,854.1,No Prazo
VJ-10076,07/02/2026,Própria,PR-P039,Motorista_071,Silo Francisco Beltrão -> Porto de Paranaguá (PR),580,49.23,187.51,9231.12,295.9,1.96,1819.78,340.0,261.0,2600.78,6630.34,4.48,52.83,10.4,3.8,0.2,14.4,98,793.0,No Prazo
VJ-10077,07/02/2026,Própria,PR-P022,Motorista_010,Silo Francisco Beltrão -> Porto de Paranaguá (PR),580,49.82,186.47,9289.94,310.2,1.87,1907.73,340.0,261.0,2688.73,6601.21,4.64,53.97,10.3,1.3,15.5,27.1,90,831.3,No Prazo
VJ-10078,07/02/2026,Dedicada,PR-D056,Motorista_050,Silo Francisco Beltrão -> Porto de Paranaguá (PR),580,50.16,202.83,10173.95,345.2,1.68,2122.98,340.0,0.0,2462.98,7710.97,4.25,49.1,11.0,0.9,2.0,13.9,80,925.1,No Prazo
VJ-10079,07/02/2026,Dedicada,PR-D074,Motorista_124,Silo Pato Branco -> Indústria Esmagadora (PR),140,49.8,56.7,2823.66,74.5,1.88,458.18,85.0,0.0,543.18,2280.48,3.88,10.91,2.7,2.7,1.2,6.6,94,199.7,No Prazo
VJ-10080,07/02/2026,Dedicada,PR-D203,Motorista_076,Silo Francisco Beltrão -> Porto de Paranaguá (PR),580,50.25,199.93,10046.48,325.8,1.78,2003.67,340.0,0.0,2343.67,7702.81,4.04,46.64,9.6,1.2,11.1,21.9,76,873.1,No Prazo
VJ-10081,07/02/2026,Dedicada,PR-D010,Motorista_056,Silo Capanema -> Porto de Itaqui (MA) [Arco Norte],2100,48.33,319.68,15450.13,1242.6,1.69,7641.99,180.0,0.0,7821.99,7628.14,3.72,161.85,34.4,3.5,6.0,43.9,79,3330.2,No Prazo
VJ-10082,07/02/2026,Dedicada,PR-D172,Motorista_111,Silo Realeza -> Transbordo Ferroviário (PR),280,48.11,97.83,4706.6,153.8,1.82,945.87,160.0,0.0,1105.87,3600.73,3.95,22.99,4.6,1.7,1.7,8.0,75,412.2,No Prazo
VJ-10083,07/02/2026,Dedicada,PR-D208,Motorista_048,Silo Francisco Beltrão -> Porto de Paranaguá (PR),580,48.33,198.56,9596.4,320.4,1.81,1970.46,340.0,0.0,2310.46,7285.94,3.98,47.81,9.2,3.3,1.0,13.5,60,858.7,No Prazo
VJ-10084,08/02/2026,Dedicada,PR-D056,Motorista_006,Silo Pato Branco -> Indústria Esmagadora (PR),140,49.03,49.96,2449.54,77.3,1.81,475.4,85.0,0.0,560.4,1889.14,4.0,11.43,2.5,3.2,1.8,7.5,84,207.2,No Prazo
VJ-10085,08/02/2026,Própria,PR-P037,Motorista_132,Silo Pato Branco -> Indústria Esmagadora (PR),140,50.08,51.08,2558.09,68.6,2.04,421.89,85.0,63.0,749.89,1808.2,5.36,14.97,2.3,3.6,1.1,7.0,79,183.8,No Prazo
VJ-10086,08/02/2026,Dedicada,PR-D094,Motorista_141,Silo Pato Branco -> Indústria Esmagadora (PR),140,49.11,58.3,2863.11,82.4,1.7,506.76,85.0,0.0,591.76,2271.35,4.23,12.05,2.4,3.5,1.8,7.7,94,220.8,No Prazo
VJ-10087,08/02/2026,Dedicada,PR-D110,Motorista_084,Silo Francisco Beltrão -> Porto de Paranaguá (PR),580,50.08,207.34,10383.59,320.4,1.81,1970.46,340.0,0.0,2310.46,8073.13,3.98,46.14,9.3,1.0,2.7,13.0,94,858.7,Atrasado (Manutenção)
VJ-10088,08/02/2026,Dedicada,PR-D155,Motorista_065,Silo Capanema -> Porto de Itaqui (MA) [Arco Norte],2100,50.1,313.18,15690.32,1242.6,1.69,7641.99,180.0,0.0,7821.99,7868.33,3.72,156.13,36.7,2.5,4.2,43.4,92,3330.2,No Prazo
VJ-10089,08/02/2026,Própria,PR-P043,Motorista_115,Silo Dois Vizinhos -> Terminal Mairinque (SP),620,48.91,212.39,10387.99,322.9,1.92,1985.84,410.0,279.0,2854.84,7533.15,4.6,58.37,11.0,2.3,1.6,14.9,72,865.4,No Prazo
VJ-10090,08/02/2026,Dedicada,PR-D114,Motorista_140,Silo Capanema -> Porto de Itaqui (MA) [Arco Norte],2100,49.88,300.28,14977.97,1257.5,1.67,7733.62,180.0,0.0,7913.62,7064.35,3.77,158.65,35.9,2.5,1.9,40.3,90,3370.1,No Prazo
VJ-10091,08/02/2026,Dedicada,PR-D199,Motorista_091,Silo Francisco Beltrão -> Porto de Paranaguá (PR),580,50.32,190.33,9577.41,345.2,1.68,2122.98,340.0,0.0,2462.98,7114.43,4.25,48.95,9.4,0.6,33.9,43.9,77,925.1,No Prazo
VJ-10092,08/02/2026,Dedicada,PR-D140,Motorista_047,Silo Realeza -> Transbordo Ferroviário (PR),280,48.67,104.88,5104.51,159.1,1.76,978.46,160.0,0.0,1138.46,3966.05,4.07,23.39,4.8,3.6,1.0,9.4,63,426.4,No Prazo
VJ-10093,08/02/2026,Própria,PR-P015,Motorista_101,Silo Pato Branco -> Indústria Esmagadora (PR),140,48.3,46.93,2266.72,76.1,1.84,468.02,85.0,63.0,796.02,1470.7,5.69,16.48,2.6,0.9,1.8,5.3,73,203.9,No Prazo
VJ-10094,08/02/2026,Dedicada,PR-D015,Motorista_025,Silo Francisco Beltrão -> Porto de Paranaguá (PR),580,50.18,189.56,9512.12,329.5,1.76,2026.43,340.0,0.0,2366.43,7145.69,4.08,47.16,9.9,3.3,2.3,15.5,91,883.1,Atrasado (Fila)
VJ-10095,08/02/2026,Dedicada,PR-D025,Motorista_004,Silo Francisco Beltrão -> Porto de Paranaguá (PR),580,48.86,184.39,9009.3,341.2,1.7,2098.38,340.0,0.0,2438.38,6570.92,4.2,49.91,10.7,2.4,3.2,16.3,80,914.4,No Prazo
VJ-10096,09/02/2026,Dedicada,PR-D107,Motorista_009,Silo Realeza -> Transbordo Ferroviário (PR),280,48.9,92.35,4515.92,161.8,1.73,995.07,160.0,0.0,1155.07,3360.85,4.13,23.62,5.0,1.0,1.9,7.9,86,433.6,No Prazo
VJ-10097,09/02/2026,Dedicada,PR-D165,Motorista_100,Silo Dois Vizinhos -> Terminal Mairinque (SP),620,49.27,190.16,9369.18,340.7,1.82,2095.3,410.0,0.0,2505.3,6863.88,4.04,50.85,10.6,1.3,0.8,12.7,75,913.1,No Prazo
VJ-10098,09/02/2026,Dedicada,PR-D199,Motorista_073,Silo Pato Branco -> Indústria Esmagadora (PR),140,49.3,49.76,2453.17,78.2,1.79,480.93,85.0,0.0,565.93,1887.24,4.04,11.48,2.3,2.8,1.1,6.2,91,209.6,No Prazo
VJ-10099,09/02/2026,Dedicada,PR-D180,Motorista_030,Silo Dois Vizinhos -> Terminal Mairinque (SP),620,49.49,204.75,10133.08,362.6,1.71,2229.99,410.0,0.0,2639.99,7493.09,4.26,53.34,11.7,2.2,1.7,15.6,91,971.8,No Prazo
VJ-10100,09/02/2026,Dedicada,PR-D153,Motorista_145,Silo Realeza -> Transbordo Ferroviário (PR),280,49.99,101.27,5062.49,162.8,1.72,1001.22,160.0,0.0,1161.22,3901.27,4.15,23.23,5.1,3.5,1.6,10.2,95,436.3,No Prazo
VJ-10101,09/02/2026,Dedicada,PR-D108,Motorista_071,Silo Francisco Beltrão -> Porto de Paranaguá (PR),580,49.96,187.7,9377.49,310.2,1.87,1907.73,340.0,0.0,2247.73,7129.76,3.88,44.99,10.2,3.0,17.8,31.0,74,831.3,No Prazo
VJ-10102,09/02/2026,Dedicada,PR-D145,Motorista_115,Silo Capanema -> Porto de Itaqui (MA) [Arco Norte],2100,49.62,318.83,15820.34,1123.0,1.87,6906.45,180.0,0.0,7086.45,8733.89,3.37,142.81,37.6,2.7,8.1,48.4,86,3009.6,No Prazo
VJ-10103,09/02/2026,Dedicada,PR-D184,Motorista_089,Silo Francisco Beltrão -> Porto de Paranaguá (PR),580,48.12,182.22,8768.43,347.3,1.67,2135.9,340.0,0.0,2475.9,6292.53,4.27,51.45,11.0,2.8,3.6,17.4,81,930.8,No Prazo
VJ-10104,09/02/2026,Dedicada,PR-D043,Motorista_128,Silo Capanema -> Porto de Itaqui (MA) [Arco Norte],2100,49.83,293.73,14636.57,1147.5,1.83,7057.12,180.0,0.0,7237.12,7399.45,3.45,145.24,34.4,1.5,0.1,36.0,60,3075.3,No Prazo
VJ-10105,09/02/2026,Dedicada,PR-D124,Motorista_031,Silo Francisco Beltrão -> Porto de Paranaguá (PR),580,49.84,198.51,9893.74,331.4,1.75,2038.11,340.0,0.0,2378.11,7515.63,4.1,47.71,9.6,3.7,28.5,41.8,82,888.2,No Prazo
VJ-10106,09/02/2026,Dedicada,PR-D128,Motorista_089,Silo Capanema -> Porto de Itaqui (MA) [Arco Norte],2100,49.71,311.46,15482.68,1250.0,1.68,7687.5,180.0,0.0,7867.5,7615.18,3.75,158.27,37.5,1.3,8.8,47.6,74,3350.0,No Prazo
VJ-10107,09/02/2026,Dedicada,PR-D011,Motorista_002,Silo Capanema -> Porto de Itaqui (MA) [Arco Norte],2100,48.02,290.85,13966.62,1173.2,1.79,7215.18,180.0,0.0,7395.18,6571.44,3.52,154.0,40.2,3.7,5.0,48.9,67,3144.2,No Prazo
VJ-10108,10/02/2026,Dedicada,PR-D048,Motorista_064,Silo Pato Branco -> Indústria Esmagadora (PR),140,49.98,51.22,2559.98,77.3,1.81,475.4,85.0,0.0,560.4,1999.58,4.0,11.21,2.7,2.0,1.3,6.0,72,207.2,No Prazo
VJ-10109,10/02/2026,Dedicada,PR-D033,Motorista_086,Silo Dois Vizinhos -> Terminal Mairinque (SP),620,49.35,214.04,10562.87,333.3,1.86,2049.8,410.0,0.0,2459.8,8103.07,3.97,49.84,10.1,3.8,1.8,15.7,80,893.2,No Prazo
VJ-10110,10/02/2026,Dedicada,PR-D144,Motorista_105,Silo Realeza -> Transbordo Ferroviário (PR),280,49.45,97.35,4813.96,155.6,1.8,956.94,160.0,0.0,1116.94,3697.02,3.99,22.59,5.3,2.6,0.8,8.7,77,417.0,No Prazo
VJ-10111,10/02/2026,Dedicada,PR-D037,Motorista_030,Silo Dois Vizinhos -> Terminal Mairinque (SP),620,50.25,217.76,10942.44,350.3,1.77,2154.35,410.0,0.0,2564.35,8378.09,4.14,51.03,10.9,2.0,1.9,14.8,99,938.8,No Prazo
VJ-10112,10/02/2026,Dedicada,PR-D199,Motorista_098,Silo Francisco Beltrão -> Porto de Paranaguá (PR),580,49.65,198.32,9846.59,341.2,1.7,2098.38,340.0,0.0,2438.38,7408.21,4.2,49.11,9.7,0.6,3.3,13.6,71,914.4,No Prazo
VJ-10113,10/02/2026,Dedicada,PR-D008,Motorista_033,Silo Dois Vizinhos -> Terminal Mairinque (SP),620,48.27,196.79,9499.05,369.0,1.68,2269.35,410.0,0.0,2679.35,6819.7,4.32,55.51,11.7,2.1,1.8,15.6,88,988.9,No Prazo
VJ-10114,10/02/2026,Dedicada,PR-D089,Motorista_135,Silo Realeza -> Transbordo Ferroviário (PR),280,49.25,106.14,5227.4,155.6,1.8,956.94,160.0,0.0,1116.94,4110.46,3.99,22.68,5.1,2.2,1.4,8.7,77,417.0,No Prazo
VJ-10115,10/02/2026,Própria,PR-P025,Motorista_109,Silo Francisco Beltrão -> Porto de Paranaguá (PR),580,50.28,184.01,9252.02,303.7,1.91,1867.76,340.0,261.0,2648.76,6603.26,4.57,52.68,9.9,3.8,2.4,16.1,60,813.9,No Prazo
VJ-10116,10/02/2026,Dedicada,PR-D186,Motorista_044,Silo Francisco Beltrão -> Porto de Paranaguá (PR),580,49.41,206.08,10182.41,325.8,1.78,2003.67,340.0,0.0,2343.67,7838.74,4.04,47.43,9.9,0.9,9.9,20.7,61,873.1,No Prazo
VJ-10117,10/02/2026,Própria,PR-P043,Motorista_100,Silo Dois Vizinhos -> Terminal Mairinque (SP),620,48.89,194.78,9522.79,313.1,1.98,1925.57,410.0,279.0,2794.57,6728.22,4.51,57.16,10.1,1.1,1.8,13.0,72,839.1,No Prazo
VJ-10118,10/02/2026,Dedicada,PR-D169,Motorista_076,Silo Pato Branco -> Indústria Esmagadora (PR),140,50.05,45.43,2273.77,76.5,1.83,470.48,85.0,0.0,555.48,1718.29,3.97,11.1,2.2,3.9,0.9,7.0,80,205.0,No Prazo
VJ-10119,10/02/2026,Dedicada,PR-D193,Motorista_120,Silo Francisco Beltrão -> Porto de Paranaguá (PR),580,49.68,186.48,9264.33,320.4,1.81,1970.46,340.0,0.0,2310.46,6953.87,3.98,46.51,9.6,2.5,4.8,16.9,93,858.7,No Prazo
VJ-10120,11/02/2026,Dedicada,PR-D046,Motorista_057,Silo Realeza -> Transbordo Ferroviário (PR),280,48.97,108.6,5318.14,162.8,1.72,1001.22,160.0,0.0,1161.22,4156.92,4.15,23.71,4.6,1.6,0.5,6.7,71,436.3,No Prazo
VJ-10121,11/02/2026,Dedicada,PR-D108,Motorista_021,Silo Francisco Beltrão -> Porto de Paranaguá (PR),580,48.38,200.54,9702.13,325.8,1.78,2003.67,340.0,0.0,2343.67,7358.46,4.04,48.44,11.1,2.9,6.2,20.2,91,873.1,No Prazo
VJ-10122,11/02/2026,Própria,PR-P010,Motorista_083,Silo Francisco Beltrão -> Porto de Paranaguá (PR),580,49.55,189.02,9365.94,316.9,1.83,1948.94,340.0,261.0,2729.94,6636.0,4.71,55.09,10.9,2.6,2.5,16.0,95,849.3,No Prazo
VJ-10123,11/02/2026,Dedicada,PR-D144,Motorista_054,Silo Realeza -> Transbordo Ferroviário (PR),280,50.09,90.63,4539.66,154.7,1.81,951.4,160.0,0.0,1111.4,3428.26,3.97,22.19,5.1,3.5,1.8,10.4,60,414.6,No Prazo
VJ-10124,11/02/2026,Dedicada,PR-D159,Motorista_029,Silo Realeza -> Transbordo Ferroviário (PR),280,49.61,93.93,4659.87,160.9,1.74,989.54,160.0,0.0,1149.54,3510.33,4.11,23.17,5.4,1.4,1.6,8.4,92,431.2,No Prazo
VJ-10125,11/02/2026,Dedicada,PR-D042,Motorista_048,Silo Francisco Beltrão -> Porto de Paranaguá (PR),580,48.11,198.07,9529.15,345.2,1.68,2122.98,340.0,0.0,2462.98,7066.17,4.25,51.19,10.9,1.0,4.5,16.4,61,925.1,No Prazo
VJ-10126,11/02/2026,Dedicada,PR-D121,Motorista_099,Silo Francisco Beltrão -> Porto de Paranaguá (PR),580,49.74,200.5,9972.87,339.2,1.71,2086.08,340.0,0.0,2426.08,7546.79,4.18,48.78,9.9,1.1,0.5,11.5,81,909.1,No Prazo
VJ-10127,11/02/2026,Dedicada,PR-D046,Motorista_105,Silo Francisco Beltrão -> Porto de Paranaguá (PR),580,49.52,206.48,10224.89,347.3,1.67,2135.9,340.0,0.0,2475.9,7748.99,4.27,50.0,10.1,3.2,4.8,18.1,68,930.8,No Prazo
VJ-10128,11/02/2026,Dedicada,PR-D189,Motorista_112,Silo Francisco Beltrão -> Porto de Paranaguá (PR),580,48.48,180.33,8742.4,322.2,1.8,1981.53,340.0,0.0,2321.53,6420.87,4.0,47.89,10.7,3.9,17.1,31.7,76,863.5,No Prazo
VJ-10129,11/02/2026,Dedicada,PR-D145,Motorista_147,Silo Pato Branco -> Indústria Esmagadora (PR),140,49.64,56.76,2817.57,76.5,1.83,470.48,85.0,0.0,555.48,2262.09,3.97,11.19,2.5,0.9,0.8,4.2,75,205.0,No Prazo
VJ-10130,11/02/2026,Dedicada,PR-D153,Motorista_098,Silo Realeza -> Transbordo Ferroviário (PR),280,50.29,100.75,5066.72,159.1,1.76,978.46,160.0,0.0,1138.46,3928.26,4.07,22.64,4.8,1.4,1.9,8.1,91,426.4,No Prazo
VJ-10131,11/02/2026,Dedicada,PR-D055,Motorista_063,Silo Pato Branco -> Indústria Esmagadora (PR),140,48.93,46.03,2252.25,83.3,1.68,512.29,85.0,0.0,597.29,1654.96,4.27,12.21,2.4,1.2,1.5,5.1,89,223.2,No Prazo
VJ-10132,12/02/2026,Dedicada,PR-D188,Motorista_128,Silo Capanema -> Porto de Itaqui (MA) [Arco Norte],2100,50.05,314.3,15730.72,1173.2,1.79,7215.18,180.0,0.0,7395.18,8335.54,3.52,147.76,33.9,3.2,3.3,40.4,69,3144.2,No Prazo
VJ-10133,12/02/2026,Dedicada,PR-D029,Motorista_030,Silo Realeza -> Transbordo Ferroviário (PR),280,48.19,99.94,4816.11,165.7,1.69,1019.06,160.0,0.0,1179.06,3637.05,4.21,24.47,4.9,1.6,1.7,8.2,95,444.1,No Prazo
VJ-10134,12/02/2026,Dedicada,PR-D006,Motorista_003,Silo Dois Vizinhos -> Terminal Mairinque (SP),620,48.98,216.04,10581.64,354.3,1.75,2178.95,410.0,0.0,2588.95,7992.69,4.18,52.86,11.2,2.6,1.8,15.6,70,949.5,No Prazo
VJ-10135,12/02/2026,Dedicada,PR-D202,Motorista_020,Silo Capanema -> Porto de Itaqui (MA) [Arco Norte],2100,50.27,319.89,16080.87,1206.9,1.74,7422.44,180.0,0.0,7602.44,8478.43,3.62,151.23,39.8,3.3,0.6,43.7,84,3234.5,No Prazo
VJ-10136,12/02/2026,Dedicada,PR-D118,Motorista_043,Silo Francisco Beltrão -> Porto de Paranaguá (PR),580,48.96,182.77,8948.42,324.0,1.79,1992.6,340.0,0.0,2332.6,6615.82,4.02,47.64,9.5,2.3,30.0,41.8,78,868.3,No Prazo
VJ-10137,12/02/2026,Dedicada,PR-D088,Motorista_007,Silo Francisco Beltrão -> Porto de Paranaguá (PR),580,49.72,188.28,9361.28,325.8,1.78,2003.67,340.0,0.0,2343.67,7017.61,4.04,47.14,9.7,3.0,1.0,13.7,97,873.1,No Prazo
VJ-10138,12/02/2026,Dedicada,PR-D098,Motorista_110,Silo Francisco Beltrão -> Porto de Paranaguá (PR),580,49.14,194.27,9546.43,310.2,1.87,1907.73,340.0,0.0,2247.73,7298.7,3.88,45.74,9.3,2.3,13.6,25.2,96,831.3,No Prazo
VJ-10139,12/02/2026,Dedicada,PR-D136,Motorista_015,Silo Francisco Beltrão -> Porto de Paranaguá (PR),580,49.91,199.12,9938.08,351.5,1.65,2161.72,340.0,0.0,2501.72,7436.36,4.31,50.12,10.5,2.7,0.3,13.5,72,942.0,No Prazo
VJ-10140,12/02/2026,Dedicada,PR-D206,Motorista_125,Silo Pato Branco -> Indústria Esmagadora (PR),140,49.39,47.21,2331.7,75.7,1.85,465.56,85.0,0.0,550.56,1781.14,3.93,11.15,2.4,1.5,0.5,4.4,87,202.9,No Prazo
VJ-10141,12/02/2026,Dedicada,PR-D038,Motorista_092,Silo Francisco Beltrão -> Porto de Paranaguá (PR),580,49.57,182.89,9065.86,322.2,1.8,1981.53,340.0,0.0,2321.53,6744.33,4.0,46.83,9.3,3.0,0.7,13.0,62,863.5,No Prazo
VJ-10142,12/02/2026,Dedicada,PR-D016,Motorista_028,Silo Pato Branco -> Indústria Esmagadora (PR),140,49.23,57.89,2849.92,82.8,1.69,509.22,85.0,0.0,594.22,2255.7,4.24,12.07,2.5,2.5,1.8,6.8,67,221.9,No Prazo
VJ-10143,12/02/2026,Própria,PR-P023,Motorista_079,Silo Realeza -> Transbordo Ferroviário (PR),280,48.37,108.28,5237.5,147.4,1.9,906.51,160.0,126.0,1372.51,3864.99,4.9,28.38,4.7,1.2,1.8,7.7,87,395.0,No Prazo
VJ-10144,13/02/2026,Dedicada,PR-D119,Motorista_047,Silo Dois Vizinhos -> Terminal Mairinque (SP),620,48.98,206.99,10138.37,364.7,1.7,2242.91,410.0,0.0,2652.91,7485.46,4.28,54.16,11.5,3.8,1.4,16.7,75,977.4,No Prazo
VJ-10145,13/02/2026,Dedicada,PR-D162,Motorista_019,Silo Francisco Beltrão -> Porto de Paranaguá (PR),580,48.95,202.29,9902.1,349.4,1.66,2148.81,340.0,0.0,2488.81,7413.29,4.29,50.84,10.3,1.0,3.9,15.2,75,936.4,No Prazo
VJ-10146,13/02/2026,Dedicada,PR-D078,Motorista_009,Silo Pato Branco -> Indústria Esmagadora (PR),140,50.46,47.54,2398.87,75.3,1.86,463.1,85.0,0.0,548.1,1850.77,3.92,10.86,2.4,1.2,1.3,4.9,88,201.8,No Prazo
VJ-10147,13/02/2026,Dedicada,PR-D119,Motorista_060,Silo Francisco Beltrão -> Porto de Paranaguá (PR),580,50.03,192.64,9637.78,308.5,1.88,1897.28,340.0,0.0,2237.28,7400.5,3.86,44.72,10.3,2.1,10.6,23.0,72,826.8,No Prazo
VJ-10148,13/02/2026,Dedicada,PR-D041,Motorista_130,Silo Capanema -> Porto de Itaqui (MA) [Arco Norte],2100,50.5,288.44,14566.22,1166.7,1.8,7175.21,180.0,0.0,7355.21,7211.01,3.5,145.65,37.9,2.9,3.3,44.1,68,3126.8,No Prazo
VJ-10149,13/02/2026,Dedicada,PR-D082,Motorista_139,Silo Francisco Beltrão -> Porto de Paranaguá (PR),580,50.37,205.91,10371.69,333.3,1.74,2049.8,340.0,0.0,2389.8,7981.89,4.12,47.44,9.4,3.1,4.5,17.0,90,893.2,No Prazo
VJ-10150,13/02/2026,Dedicada,PR-D198,Motorista_080,Silo Francisco Beltrão -> Porto de Paranaguá (PR),580,49.64,204.8,10166.27,311.8,1.86,1917.57,340.0,0.0,2257.57,7908.7,3.89,45.48,9.5,2.3,1.5,13.3,86,835.6,No Prazo
VJ-10151,13/02/2026,Própria,PR-P021,Motorista_101,Silo Francisco Beltrão -> Porto de Paranaguá (PR),580,48.78,198.1,9663.32,311.8,1.86,1917.57,340.0,261.0,2698.57,6964.75,4.65,55.32,10.4,0.6,6.2,17.2,66,835.6,No Prazo
VJ-10152,13/02/2026,Dedicada,PR-D113,Motorista_043,Silo Francisco Beltrão -> Porto de Paranaguá (PR),580,49.27,199.13,9811.14,341.2,1.7,2098.38,340.0,0.0,2438.38,7372.76,4.2,49.49,9.9,2.3,2.5,14.7,65,914.4,Atrasado (Fila)
VJ-10153,13/02/2026,Própria,PR-P025,Motorista_120,Silo Pato Branco -> Indústria Esmagadora (PR),140,50.37,56.21,2831.3,74.5,1.88,458.18,85.0,63.0,786.18,2045.12,5.62,15.61,2.4,3.8,2.0,8.2,85,199.7,No Prazo
VJ-10154,13/02/2026,Dedicada,PR-D068,Motorista_017,Silo Francisco Beltrão -> Porto de Paranaguá (PR),580,48.56,209.55,10175.75,341.2,1.7,2098.38,340.0,0.0,2438.38,7737.37,4.2,50.21,9.5,3.2,5.5,18.2,99,914.4,No Prazo
VJ-10155,13/02/2026,Dedicada,PR-D209,Motorista_082,Silo Dois Vizinhos -> Terminal Mairinque (SP),620,50.03,211.03,10557.83,354.3,1.75,2178.95,410.0,0.0,2588.95,7968.88,4.18,51.75,10.8,2.2,1.0,14.0,97,949.5,Atrasado (Fila)
VJ-10156,14/02/2026,Dedicada,PR-D115,Motorista_037,Silo Francisco Beltrão -> Porto de Paranaguá (PR),580,49.47,198.76,9832.66,320.4,1.81,1970.46,340.0,0.0,2310.46,7522.2,3.98,46.7,10.5,1.7,8.6,20.8,75,858.7,No Prazo
VJ-10157,14/02/2026,Dedicada,PR-D136,Motorista_068,Silo Pato Branco -> Indústria Esmagadora (PR),140,49.48,55.06,2724.37,80.9,1.73,497.54,85.0,0.0,582.54,2141.83,4.16,11.77,2.5,2.5,0.8,5.8,82,216.8,No Prazo
VJ-10158,14/02/2026,Dedicada,PR-D187,Motorista_030,Silo Pato Branco -> Indústria Esmagadora (PR),140,48.37,48.32,2337.24,78.2,1.79,480.93,85.0,0.0,565.93,1771.31,4.04,11.7,2.6,1.3,1.4,5.3,75,209.6,No Prazo
VJ-10159,14/02/2026,Própria,PR-P024,Motorista_005,Silo Realeza -> Transbordo Ferroviário (PR),280,49.76,94.66,4710.28,145.1,1.93,892.36,160.0,126.0,1358.36,3351.92,4.85,27.3,4.9,3.6,1.0,9.5,75,388.9,No Prazo
VJ-10160,14/02/2026,Própria,PR-P042,Motorista_093,Silo Francisco Beltrão -> Porto de Paranaguá (PR),580,49.84,206.93,10313.39,310.2,1.87,1907.73,340.0,261.0,2688.73,7624.66,4.64,53.95,11.1,3.6,1.3,16.0,96,831.3,No Prazo
VJ-10161,14/02/2026,Própria,PR-P013,Motorista_124,Silo Pato Branco -> Indústria Esmagadora (PR),140,50.29,54.32,2731.75,76.5,1.83,470.48,85.0,63.0,798.48,1933.27,5.7,15.88,2.4,1.7,1.9,6.0,76,205.0,Atrasado (Fila)
VJ-10162,14/02/2026,Dedicada,PR-D039,Motorista_073,Silo Pato Branco -> Indústria Esmagadora (PR),140,48.56,52.64,2556.2,76.9,1.82,472.94,85.0,0.0,557.94,1998.26,3.99,11.49,2.5,3.2,1.1,6.8,73,206.1,No Prazo
VJ-10163,14/02/2026,Dedicada,PR-D167,Motorista_037,Silo Realeza -> Transbordo Ferroviário (PR),280,50.15,96.26,4827.44,155.6,1.8,956.94,160.0,0.0,1116.94,3710.5,3.99,22.27,5.2,1.0,1.3,7.5,82,417.0,No Prazo
VJ-10164,14/02/2026,Dedicada,PR-D148,Motorista_046,Silo Pato Branco -> Indústria Esmagadora (PR),140,49.38,52.41,2588.01,82.4,1.7,506.76,85.0,0.0,591.76,1996.25,4.23,11.98,2.4,1.0,1.0,4.4,80,220.8,No Prazo
VJ-10165,14/02/2026,Dedicada,PR-D188,Motorista_145,Silo Realeza -> Transbordo Ferroviário (PR),280,48.24,108.79,5248.03,150.5,1.86,925.58,160.0,0.0,1085.58,4162.45,3.88,22.5,4.6,1.3,0.5,6.4,90,403.3,No Prazo
VJ-10166,14/02/2026,Dedicada,PR-D176,Motorista_108,Silo Realeza -> Transbordo Ferroviário (PR),280,48.22,93.41,4504.23,169.7,1.65,1043.66,160.0,0.0,1203.66,3300.57,4.3,24.96,5.2,2.3,1.6,9.1,71,454.8,No Prazo
VJ-10167,14/02/2026,Própria,PR-P004,Motorista_113,Silo Francisco Beltrão -> Porto de Paranaguá (PR),580,49.16,185.66,9127.05,284.3,2.04,1748.45,340.0,261.0,2529.45,6597.6,4.36,51.45,9.4,3.1,5.4,17.9,92,761.9,Atrasado (Fila)
VJ-10168,15/02/2026,Dedicada,PR-D146,Motorista_097,Silo Capanema -> Porto de Itaqui (MA) [Arco Norte],2100,49.19,319.43,15712.76,1265.1,1.66,7780.36,180.0,0.0,7960.36,7752.4,3.79,161.83,33.4,2.0,8.9,44.3,67,3390.5,No Prazo
VJ-10169,15/02/2026,Dedicada,PR-D061,Motorista_025,Silo Pato Branco -> Indústria Esmagadora (PR),140,49.07,49.48,2427.98,80.9,1.73,497.54,85.0,0.0,582.54,1845.44,4.16,11.87,2.3,1.5,0.9,4.7,62,216.8,No Prazo
VJ-10170,15/02/2026,Dedicada,PR-D114,Motorista_040,Silo Pato Branco -> Indústria Esmagadora (PR),140,50.19,56.16,2818.67,83.8,1.67,515.37,85.0,0.0,600.37,2218.3,4.29,11.96,2.5,3.3,1.9,7.7,71,224.6,No Prazo
VJ-10171,15/02/2026,Dedicada,PR-D061,Motorista_062,Silo Francisco Beltrão -> Porto de Paranaguá (PR),580,49.12,208.37,10235.13,345.2,1.68,2122.98,340.0,0.0,2462.98,7772.15,4.25,50.14,9.8,3.2,14.6,27.6,76,925.1,No Prazo
VJ-10172,15/02/2026,Dedicada,PR-D136,Motorista_053,Silo Dois Vizinhos -> Terminal Mairinque (SP),620,49.23,204.6,10072.46,364.7,1.7,2242.91,410.0,0.0,2652.91,7419.55,4.28,53.89,11.1,1.1,1.7,13.9,96,977.4,No Prazo
VJ-10173,15/02/2026,Própria,PR-P046,Motorista_001,Silo Pato Branco -> Indústria Esmagadora (PR),140,49.35,53.23,2626.9,76.9,1.82,472.94,85.0,63.0,800.94,1825.96,5.72,16.23,2.5,1.7,2.0,6.2,76,206.1,No Prazo
VJ-10174,15/02/2026,Dedicada,PR-D141,Motorista_146,Silo Capanema -> Porto de Itaqui (MA) [Arco Norte],2100,49.71,309.51,15385.74,1123.0,1.87,6906.45,180.0,0.0,7086.45,8299.29,3.37,142.56,34.6,1.9,2.1,38.6,93,3009.6,No Prazo
VJ-10175,15/02/2026,Dedicada,PR-D025,Motorista_104,Silo Francisco Beltrão -> Porto de Paranaguá (PR),580,48.08,192.89,9274.15,315.2,1.84,1938.48,340.0,0.0,2278.48,6995.67,3.93,47.39,10.8,3.2,1.3,15.3,80,844.7,No Prazo
VJ-10176,15/02/2026,Dedicada,PR-D101,Motorista_135,Silo Dois Vizinhos -> Terminal Mairinque (SP),620,50.32,194.29,9776.67,366.9,1.69,2256.44,410.0,0.0,2666.44,7110.23,4.3,52.99,9.9,1.5,1.9,13.3,99,983.3,No Prazo
VJ-10177,15/02/2026,Dedicada,PR-D076,Motorista_059,Silo Francisco Beltrão -> Porto de Paranaguá (PR),580,49.91,197.71,9867.71,339.2,1.71,2086.08,340.0,0.0,2426.08,7441.63,4.18,48.61,9.4,3.9,7.6,20.9,69,909.1,No Prazo
VJ-10178,15/02/2026,Dedicada,PR-D016,Motorista_123,Silo Pato Branco -> Indústria Esmagadora (PR),140,50.18,45.26,2271.15,75.7,1.85,465.56,85.0,0.0,550.56,1720.59,3.93,10.97,2.5,0.9,1.4,4.8,63,202.9,No Prazo
VJ-10179,15/02/2026,Própria,PR-P006,Motorista_119,Silo Dois Vizinhos -> Terminal Mairinque (SP),620,49.58,215.5,10684.49,321.2,1.93,1975.38,410.0,279.0,2844.38,7840.11,4.59,57.37,10.8,2.0,0.7,13.5,92,860.8,No Prazo
VJ-10180,16/02/2026,Dedicada,PR-D207,Motorista_118,Silo Pato Branco -> Indústria Esmagadora (PR),140,49.89,57.82,2884.64,77.3,1.81,475.4,85.0,0.0,560.4,2324.24,4.0,11.23,2.5,2.8,1.4,6.7,80,207.2,No Prazo
VJ-10181,16/02/2026,Dedicada,PR-D177,Motorista_066,Silo Capanema -> Porto de Itaqui (MA) [Arco Norte],2100,50.2,299.75,15047.45,1117.0,1.88,6869.55,180.0,0.0,7049.55,7997.9,3.36,140.43,35.4,1.4,3.1,39.9,69,2993.6,No Prazo
VJ-10182,16/02/2026,Própria,PR-P033,Motorista_091,Silo Francisco Beltrão -> Porto de Paranaguá (PR),580,48.59,180.56,8773.41,315.2,1.84,1938.48,340.0,261.0,2719.48,6053.93,4.69,55.97,10.0,1.3,12.3,23.6,82,844.7,No Prazo
VJ-10183,16/02/2026,Dedicada,PR-D099,Motorista_007,Silo Francisco Beltrão -> Porto de Paranaguá (PR),580,48.17,183.02,8816.07,339.2,1.71,2086.08,340.0,0.0,2426.08,6389.99,4.18,50.36,9.6,2.4,2.3,14.3,80,909.1,No Prazo
VJ-10184,16/02/2026,Dedicada,PR-D050,Motorista_044,Silo Francisco Beltrão -> Porto de Paranaguá (PR),580,48.37,192.04,9288.97,331.4,1.75,2038.11,340.0,0.0,2378.11,6910.86,4.1,49.16,10.4,2.8,0.8,14.0,69,888.2,No Prazo
VJ-10185,16/02/2026,Própria,PR-P025,Motorista_038,Silo Francisco Beltrão -> Porto de Paranaguá (PR),580,50.13,200.98,10075.13,284.3,2.04,1748.45,340.0,261.0,2529.45,7545.68,4.36,50.46,9.2,0.8,7.3,17.3,75,761.9,No Prazo
VJ-10186,16/02/2026,Própria,PR-P014,Motorista_058,Silo Francisco Beltrão -> Porto de Paranaguá (PR),580,49.31,209.66,10338.33,305.3,1.9,1877.6,340.0,261.0,2658.6,7679.73,4.58,53.92,11.1,1.2,4.0,16.3,88,818.2,No Prazo
VJ-10187,16/02/2026,Dedicada,PR-D145,Motorista_043,Silo Francisco Beltrão -> Porto de Paranaguá (PR),580,49.71,181.87,9040.76,333.3,1.74,2049.8,340.0,0.0,2389.8,6650.96,4.12,48.07,10.1,0.6,24.0,34.7,83,893.2,No Prazo
VJ-10188,16/02/2026,Dedicada,PR-D172,Motorista_009,Silo Dois Vizinhos -> Terminal Mairinque (SP),620,48.97,211.2,10342.46,338.8,1.83,2083.62,410.0,0.0,2493.62,7848.84,4.02,50.92,10.3,1.5,0.8,12.6,66,908.0,No Prazo
VJ-10189,16/02/2026,Dedicada,PR-D036,Motorista_112,Silo Realeza -> Transbordo Ferroviário (PR),280,49.12,96.48,4739.1,153.0,1.83,940.95,160.0,0.0,1100.95,3638.15,3.93,22.41,4.7,3.1,0.9,8.7,85,410.0,No Prazo
VJ-10190,16/02/2026,Dedicada,PR-D148,Motorista_143,Silo Pato Branco -> Indústria Esmagadora (PR),140,49.55,46.11,2284.75,78.7,1.78,484.01,85.0,0.0,569.01,1715.74,4.06,11.48,2.5,3.1,1.6,7.2,95,210.9,No Prazo
VJ-10191,16/02/2026,Dedicada,PR-D175,Motorista_075,Silo Dois Vizinhos -> Terminal Mairinque (SP),620,50.35,192.03,9668.71,375.8,1.65,2311.17,410.0,0.0,2721.17,6947.54,4.39,54.05,10.2,1.7,1.3,13.2,73,1007.1,No Prazo
VJ-10192,17/02/2026,Própria,PR-P003,Motorista_018,Silo Pato Branco -> Indústria Esmagadora (PR),140,49.88,50.66,2526.92,73.3,1.91,450.8,85.0,63.0,778.8,1748.12,5.56,15.61,2.2,1.1,0.9,4.2,79,196.4,No Prazo
VJ-10193,17/02/2026,Própria,PR-P033,Motorista_011,Silo Dois Vizinhos -> Terminal Mairinque (SP),620,48.3,200.26,9672.56,310.0,2.0,1906.5,410.0,279.0,2775.5,6897.06,4.48,57.46,10.6,3.5,1.7,15.8,74,830.8,No Prazo
VJ-10194,17/02/2026,Dedicada,PR-D205,Motorista_099,Silo Realeza -> Transbordo Ferroviário (PR),280,49.78,95.24,4741.05,160.9,1.74,989.54,160.0,0.0,1149.54,3591.51,4.11,23.09,4.5,3.4,0.6,8.5,71,431.2,No Prazo
VJ-10195,17/02/2026,Dedicada,PR-D060,Motorista_094,Silo Capanema -> Porto de Itaqui (MA) [Arco Norte],2100,48.14,317.99,15308.04,1123.0,1.87,6906.45,180.0,0.0,7086.45,8221.59,3.37,147.21,39.1,2.0,1.4,42.5,66,3009.6,No Prazo
VJ-10196,17/02/2026,Própria,PR-P012,Motorista_078,Silo Francisco Beltrão -> Porto de Paranaguá (PR),580,49.11,183.08,8991.06,310.2,1.87,1907.73,340.0,261.0,2688.73,6302.33,4.64,54.75,10.6,3.0,0.0,13.6,92,831.3,No Prazo
VJ-10197,17/02/2026,Dedicada,PR-D025,Motorista_010,Silo Realeza -> Transbordo Ferroviário (PR),280,49.53,90.01,4458.2,158.2,1.77,972.93,160.0,0.0,1132.93,3325.27,4.05,22.87,4.6,3.8,0.7,9.1,95,424.0,No Prazo
VJ-10198,17/02/2026,Dedicada,PR-D101,Motorista_140,Silo Dois Vizinhos -> Terminal Mairinque (SP),620,49.8,215.15,10714.47,369.0,1.68,2269.35,410.0,0.0,2679.35,8035.12,4.32,53.8,11.5,1.8,1.3,14.6,72,988.9,No Prazo
VJ-10199,17/02/2026,Própria,PR-P012,Motorista_032,Silo Francisco Beltrão -> Porto de Paranaguá (PR),580,48.19,185.32,8930.57,305.3,1.9,1877.6,340.0,261.0,2658.6,6271.97,4.58,55.17,9.7,2.6,11.0,23.3,63,818.2,No Prazo
VJ-10200,17/02/2026,Dedicada,PR-D005,Motorista_054,Silo Francisco Beltrão -> Porto de Paranaguá (PR),580,48.33,188.12,9091.84,310.2,1.87,1907.73,340.0,0.0,2247.73,6844.11,3.88,46.51,9.3,2.9,3.1,15.3,88,831.3,No Prazo
VJ-10201,17/02/2026,Dedicada,PR-D089,Motorista_089,Silo Pato Branco -> Indústria Esmagadora (PR),140,49.47,46.7,2310.25,75.3,1.86,463.1,85.0,0.0,548.1,1762.15,3.92,11.08,2.4,0.9,1.6,4.9,60,201.8,No Prazo
VJ-10202,17/02/2026,Própria,PR-P021,Motorista_078,Silo Francisco Beltrão -> Porto de Paranaguá (PR),580,48.52,193.53,9390.08,300.5,1.93,1848.08,340.0,261.0,2629.08,6761.0,4.53,54.19,10.6,0.9,2.5,14.0,91,805.3,No Prazo
VJ-10203,17/02/2026,Dedicada,PR-D040,Motorista_058,Silo Pato Branco -> Indústria Esmagadora (PR),140,48.8,49.68,2424.38,76.9,1.82,472.94,85.0,0.0,557.94,1866.44,3.99,11.43,2.4,0.8,0.7,3.9,94,206.1,No Prazo
VJ-10204,18/02/2026,Própria,PR-P037,Motorista_008,Silo Realeza -> Transbordo Ferroviário (PR),280,49.74,93.58,4654.67,145.8,1.92,896.67,160.0,126.0,1362.67,3292.0,4.87,27.4,4.5,3.8,1.3,9.6,69,390.7,No Prazo
VJ-10205,18/02/2026,Dedicada,PR-D127,Motorista_031,Silo Francisco Beltrão -> Porto de Paranaguá (PR),580,50.15,196.37,9847.96,349.4,1.66,2148.81,340.0,0.0,2488.81,7359.15,4.29,49.63,10.2,0.6,0.5,11.3,86,936.4,No Prazo
VJ-10206,18/02/2026,Dedicada,PR-D128,Motorista_023,Silo Francisco Beltrão -> Porto de Paranaguá (PR),580,49.2,207.8,10223.76,331.4,1.75,2038.11,340.0,0.0,2378.11,7845.65,4.1,48.34,10.1,1.7,1.2,13.0,88,888.2,No Prazo
VJ-10207,18/02/2026,Dedicada,PR-D065,Motorista_026,Silo Francisco Beltrão -> Porto de Paranaguá (PR),580,50.48,194.89,9838.05,316.9,1.83,1948.94,340.0,0.0,2288.94,7549.11,3.95,45.34,10.3,3.9,2.9,17.1,88,849.3,Atrasado (Fila)
VJ-10208,18/02/2026,Dedicada,PR-D148,Motorista_090,Silo Pato Branco -> Indústria Esmagadora (PR),140,48.91,54.64,2672.44,75.3,1.86,463.1,85.0,0.0,548.1,2124.34,3.92,11.21,2.5,0.6,1.3,4.4,82,201.8,No Prazo
VJ-10209,18/02/2026,Dedicada,PR-D047,Motorista_087,Silo Francisco Beltrão -> Porto de Paranaguá (PR),580,49.59,181.47,8999.1,311.8,1.86,1917.57,340.0,0.0,2257.57,6741.53,3.89,45.52,10.5,1.1,1.3,12.9,97,835.6,No Prazo
VJ-10210,18/02/2026,Dedicada,PR-D143,Motorista_025,Silo Capanema -> Porto de Itaqui (MA) [Arco Norte],2100,49.13,280.22,13767.21,1257.5,1.67,7733.62,180.0,0.0,7913.62,5853.59,3.77,161.08,36.4,1.3,7.6,45.3,95,3370.1,No Prazo
VJ-10211,18/02/2026,Dedicada,PR-D160,Motorista_080,Silo Francisco Beltrão -> Porto de Paranaguá (PR),580,49.65,182.05,9038.78,349.4,1.66,2148.81,340.0,0.0,2488.81,6549.97,4.29,50.13,9.5,1.8,1.4,12.7,96,936.4,No Prazo
VJ-10212,18/02/2026,Dedicada,PR-D044,Motorista_095,Silo Pato Branco -> Indústria Esmagadora (PR),140,49.01,52.76,2585.77,80.9,1.73,497.54,85.0,0.0,582.54,2003.23,4.16,11.89,2.6,2.8,1.6,7.0,60,216.8,Atrasado (Fila)
VJ-10213,18/02/2026,Dedicada,PR-D124,Motorista_064,Silo Pato Branco -> Indústria Esmagadora (PR),140,48.28,45.04,2174.53,75.3,1.86,463.1,85.0,0.0,548.1,1626.43,3.92,11.35,2.3,2.5,0.8,5.6,78,201.8,No Prazo
VJ-10214,18/02/2026,Própria,PR-P031,Motorista_028,Silo Capanema -> Porto de Itaqui (MA) [Arco Norte],2100,49.71,297.3,14778.78,1044.8,2.01,6425.52,180.0,945.0,7730.52,7048.26,3.68,155.51,35.4,2.4,9.5,47.3,71,2800.1,No Prazo
VJ-10215,18/02/2026,Dedicada,PR-D151,Motorista_148,Silo Francisco Beltrão -> Porto de Paranaguá (PR),580,48.77,203.33,9916.4,345.2,1.68,2122.98,340.0,0.0,2462.98,7453.42,4.25,50.5,10.2,2.1,17.8,30.1,90,925.1,No Prazo
VJ-10216,19/02/2026,Dedicada,PR-D092,Motorista_097,Silo Capanema -> Porto de Itaqui (MA) [Arco Norte],2100,49.58,292.47,14500.66,1200.0,1.75,7380.0,180.0,0.0,7560.0,6940.66,3.6,152.48,33.9,3.8,2.8,40.5,89,3216.0,No Prazo
VJ-10217,19/02/2026,Dedicada,PR-D122,Motorista_103,Silo Francisco Beltrão -> Porto de Paranaguá (PR),580,49.45,204.18,10096.7,345.2,1.68,2122.98,340.0,0.0,2462.98,7633.72,4.25,49.81,9.3,3.1,8.6,21.0,98,925.1,No Prazo
VJ-10218,19/02/2026,Própria,PR-P036,Motorista_131,Silo Francisco Beltrão -> Porto de Paranaguá (PR),580,50.11,207.78,10411.86,295.9,1.96,1819.78,340.0,261.0,2600.78,7811.08,4.48,51.9,10.9,3.8,0.5,15.2,86,793.0,Atrasado (Manutenção)
VJ-10219,19/02/2026,Dedicada,PR-D037,Motorista_021,Silo Dois Vizinhos -> Terminal Mairinque (SP),620,50.04,210.58,10537.42,364.7,1.7,2242.91,410.0,0.0,2652.91,7884.51,4.28,53.02,11.2,0.9,1.5,13.6,71,977.4,No Prazo
VJ-10220,19/02/2026,Dedicada,PR-D151,Motorista_006,Silo Dois Vizinhos -> Terminal Mairinque (SP),620,48.06,204.43,9824.91,373.5,1.66,2297.02,410.0,0.0,2707.02,7117.89,4.37,56.33,10.4,1.5,0.7,12.6,85,1001.0,No Prazo
VJ-10221,19/02/2026,Dedicada,PR-D063,Motorista_088,Silo Dois Vizinhos -> Terminal Mairinque (SP),620,48.97,212.09,10386.05,354.3,1.75,2178.95,410.0,0.0,2588.95,7797.1,4.18,52.87,11.8,1.5,1.6,14.9,68,949.5,No Prazo
VJ-10222,19/02/2026,Dedicada,PR-D034,Motorista_139,Silo Francisco Beltrão -> Porto de Paranaguá (PR),580,49.6,205.3,10182.88,313.5,1.85,1928.02,340.0,0.0,2268.02,7914.86,3.91,45.73,10.7,2.1,8.4,21.2,72,840.2,No Prazo
VJ-10223,19/02/2026,Dedicada,PR-D035,Motorista_070,Silo Francisco Beltrão -> Porto de Paranaguá (PR),580,50.3,199.15,10017.24,341.2,1.7,2098.38,340.0,0.0,2438.38,7578.86,4.2,48.48,10.7,2.9,21.8,35.4,78,914.4,No Prazo
VJ-10224,19/02/2026,Dedicada,PR-D051,Motorista_017,Silo Francisco Beltrão -> Porto de Paranaguá (PR),580,48.0,203.31,9758.88,335.3,1.73,2062.1,340.0,0.0,2402.1,7356.78,4.14,50.04,10.4,3.2,7.7,21.3,98,898.6,No Prazo
VJ-10225,19/02/2026,Própria,PR-P037,Motorista_006,Silo Realeza -> Transbordo Ferroviário (PR),280,48.19,101.38,4885.5,152.2,1.84,936.03,160.0,126.0,1402.03,3483.47,5.01,29.09,5.4,1.1,0.7,7.2,97,407.9,No Prazo
VJ-10226,19/02/2026,Dedicada,PR-D027,Motorista_089,Silo Francisco Beltrão -> Porto de Paranaguá (PR),580,48.44,183.76,8901.33,327.7,1.77,2015.36,340.0,0.0,2355.36,6545.97,4.06,48.62,10.8,3.9,7.1,21.8,67,878.2,No Prazo
VJ-10227,19/02/2026,Dedicada,PR-D041,Motorista_118,Silo Francisco Beltrão -> Porto de Paranaguá (PR),580,48.46,206.73,10018.14,327.7,1.77,2015.36,340.0,0.0,2355.36,7662.78,4.06,48.6,10.0,2.7,7.5,20.2,76,878.2,No Prazo
VJ-10228,20/02/2026,Dedicada,PR-D102,Motorista_131,Silo Francisco Beltrão -> Porto de Paranaguá (PR),580,48.12,197.62,9509.47,347.3,1.67,2135.9,340.0,0.0,2475.9,7033.57,4.27,51.45,10.8,1.3,6.2,18.3,72,930.8,No Prazo
VJ-10229,20/02/2026,Dedicada,PR-D052,Motorista_101,Silo Dois Vizinhos -> Terminal Mairinque (SP),620,48.11,198.42,9545.99,366.9,1.69,2256.44,410.0,0.0,2666.44,6879.55,4.3,55.42,10.3,2.5,1.4,14.2,94,983.3,No Prazo
VJ-10230,20/02/2026,Dedicada,PR-D208,Motorista_096,Silo Francisco Beltrão -> Porto de Paranaguá (PR),580,48.69,189.62,9232.6,315.2,1.84,1938.48,340.0,0.0,2278.48,6954.12,3.93,46.8,10.6,2.2,0.2,13.0,78,844.7,No Prazo
VJ-10231,20/02/2026,Própria,PR-P024,Motorista_078,Silo Pato Branco -> Indústria Esmagadora (PR),140,49.43,46.52,2299.48,71.4,1.96,439.11,85.0,63.0,767.11,1532.37,5.48,15.52,2.5,3.3,1.9,7.7,72,191.4,No Prazo
VJ-10232,20/02/2026,Dedicada,PR-D196,Motorista_017,Silo Realeza -> Transbordo Ferroviário (PR),280,50.06,95.17,4764.21,169.7,1.65,1043.66,160.0,0.0,1203.66,3560.55,4.3,24.04,4.8,3.3,1.0,9.1,62,454.8,No Prazo
VJ-10233,20/02/2026,Dedicada,PR-D094,Motorista_033,Silo Realeza -> Transbordo Ferroviário (PR),280,48.39,101.08,4891.26,153.0,1.83,940.95,160.0,0.0,1100.95,3790.31,3.93,22.75,5.1,1.1,1.9,8.1,94,410.0,No Prazo
VJ-10234,20/02/2026,Dedicada,PR-D155,Motorista_026,Silo Francisco Beltrão -> Porto de Paranaguá (PR),580,48.72,198.5,9670.92,331.4,1.75,2038.11,340.0,0.0,2378.11,7292.81,4.1,48.81,9.2,3.8,0.1,13.1,95,888.2,No Prazo
VJ-10235,20/02/2026,Dedicada,PR-D122,Motorista_039,Silo Francisco Beltrão -> Porto de Paranaguá (PR),580,48.57,198.04,9618.8,315.2,1.84,1938.48,340.0,0.0,2278.48,7340.32,3.93,46.91,9.6,3.4,8.3,21.3,65,844.7,No Prazo
VJ-10236,20/02/2026,Própria,PR-P019,Motorista_127,Silo Dois Vizinhos -> Terminal Mairinque (SP),620,48.8,197.75,9650.2,308.5,2.01,1897.28,410.0,279.0,2766.28,6883.92,4.46,56.69,10.0,4.0,1.0,15.0,69,826.8,No Prazo
VJ-10237,20/02/2026,Dedicada,PR-D063,Motorista_073,Silo Dois Vizinhos -> Terminal Mairinque (SP),620,49.8,219.88,10950.02,364.7,1.7,2242.91,410.0,0.0,2652.91,8297.11,4.28,53.27,11.4,2.7,1.2,15.3,94,977.4,No Prazo
VJ-10238,20/02/2026,Dedicada,PR-D173,Motorista_064,Silo Capanema -> Porto de Itaqui (MA) [Arco Norte],2100,49.14,289.51,14226.52,1135.1,1.85,6980.86,180.0,0.0,7160.86,7065.66,3.41,145.72,36.4,2.8,3.2,42.4,72,3042.1,No Prazo
VJ-10239,20/02/2026,Dedicada,PR-D182,Motorista_016,Silo Dois Vizinhos -> Terminal Mairinque (SP),620,49.91,203.76,10169.66,356.3,1.74,2191.25,410.0,0.0,2601.25,7568.41,4.2,52.12,10.4,1.1,0.7,12.2,89,954.9,No Prazo
VJ-10240,21/02/2026,Dedicada,PR-D132,Motorista_148,Silo Realeza -> Transbordo Ferroviário (PR),280,48.92,90.54,4429.22,168.7,1.66,1037.5,160.0,0.0,1197.5,3231.72,4.28,24.48,4.7,1.3,1.7,7.7,69,452.1,No Prazo
VJ-10241,21/02/2026,Dedicada,PR-D046,Motorista_080,Silo Francisco Beltrão -> Porto de Paranaguá (PR),580,48.27,204.22,9857.7,341.2,1.7,2098.38,340.0,0.0,2438.38,7419.32,4.2,50.52,9.4,2.8,0.3,12.5,62,914.4,No Prazo
VJ-10242,21/02/2026,Dedicada,PR-D128,Motorista_111,Silo Capanema -> Porto de Itaqui (MA) [Arco Norte],2100,48.65,297.82,14488.94,1186.4,1.77,7296.36,180.0,0.0,7476.36,7012.58,3.56,153.68,34.5,1.8,16.0,52.3,94,3179.6,No Prazo
VJ-10243,21/02/2026,Dedicada,PR-D111,Motorista_038,Silo Dois Vizinhos -> Terminal Mairinque (SP),620,49.2,195.26,9606.79,346.4,1.79,2130.36,410.0,0.0,2540.36,7066.43,4.1,51.63,10.9,3.3,0.6,14.8,83,928.4,Atrasado (Fila)
VJ-10244,21/02/2026,Dedicada,PR-D023,Motorista_135,Silo Pato Branco -> Indústria Esmagadora (PR),140,48.66,51.3,2496.26,75.7,1.85,465.56,85.0,0.0,550.56,1945.7,3.93,11.31,2.5,3.2,0.5,6.2,60,202.9,Atrasado (Fila)
VJ-10245,21/02/2026,Dedicada,PR-D150,Motorista_095,Silo Francisco Beltrão -> Porto de Paranaguá (PR),580,48.17,203.96,9824.75,349.4,1.66,2148.81,340.0,0.0,2488.81,7335.94,4.29,51.67,9.9,3.4,8.9,22.2,89,936.4,Atrasado (Manutenção)
VJ-10246,21/02/2026,Dedicada,PR-D133,Motorista_131,Silo Francisco Beltrão -> Porto de Paranaguá (PR),580,49.05,206.9,10148.44,341.2,1.7,2098.38,340.0,0.0,2438.38,7710.06,4.2,49.71,10.3,0.7,3.9,14.9,79,914.4,No Prazo
VJ-10247,21/02/2026,Dedicada,PR-D022,Motorista_148,Silo Capanema -> Porto de Itaqui (MA) [Arco Norte],2100,48.38,285.58,13816.36,1235.3,1.7,7597.1,180.0,0.0,7777.1,6039.26,3.7,160.75,34.6,3.1,0.6,38.3,92,3310.6,No Prazo
VJ-10248,21/02/2026,Própria,PR-P012,Motorista_027,Silo Dois Vizinhos -> Terminal Mairinque (SP),620,49.74,205.9,10241.47,305.4,2.03,1878.21,410.0,279.0,2747.21,7494.26,4.43,55.23,11.4,1.5,1.9,14.8,92,818.5,No Prazo
VJ-10249,21/02/2026,Dedicada,PR-D100,Motorista_071,Silo Francisco Beltrão -> Porto de Paranaguá (PR),580,49.22,198.57,9773.62,331.4,1.75,2038.11,340.0,0.0,2378.11,7395.51,4.1,48.32,9.3,1.7,3.6,14.6,65,888.2,No Prazo
VJ-10250,21/02/2026,Dedicada,PR-D095,Motorista_003,Silo Francisco Beltrão -> Porto de Paranaguá (PR),580,49.03,202.92,9949.17,308.5,1.88,1897.28,340.0,0.0,2237.28,7711.89,3.86,45.63,9.4,1.8,11.5,22.7,68,826.8,No Prazo
VJ-10251,21/02/2026,Dedicada,PR-D006,Motorista_019,Silo Pato Branco -> Indústria Esmagadora (PR),140,49.66,59.72,2965.7,84.3,1.66,518.45,85.0,0.0,603.45,2362.25,4.31,12.15,2.5,3.6,0.5,6.6,87,225.9,No Prazo
VJ-10252,22/02/2026,Dedicada,PR-D133,Motorista_067,Silo Pato Branco -> Indústria Esmagadora (PR),140,49.0,53.4,2616.6,77.3,1.81,475.4,85.0,0.0,560.4,2056.2,4.0,11.44,2.4,2.7,1.4,6.5,61,207.2,No Prazo
VJ-10253,22/02/2026,Dedicada,PR-D001,Motorista_062,Silo Capanema -> Porto de Itaqui (MA) [Arco Norte],2100,49.09,298.35,14646.0,1153.8,1.82,7095.87,180.0,0.0,7275.87,7370.13,3.46,148.21,36.4,1.3,0.9,38.6,82,3092.2,No Prazo
VJ-10254,22/02/2026,Dedicada,PR-D010,Motorista_028,Silo Pato Branco -> Indústria Esmagadora (PR),140,48.3,56.09,2709.15,75.7,1.85,465.56,85.0,0.0,550.56,2158.59,3.93,11.4,2.7,2.5,0.7,5.9,81,202.9,No Prazo
VJ-10255,22/02/2026,Dedicada,PR-D104,Motorista_101,Silo Francisco Beltrão -> Porto de Paranaguá (PR),580,49.09,193.58,9502.84,341.2,1.7,2098.38,340.0,0.0,2438.38,7064.46,4.2,49.67,9.8,2.5,3.1,15.4,92,914.4,No Prazo
VJ-10256,22/02/2026,Dedicada,PR-D116,Motorista_023,Silo Francisco Beltrão -> Porto de Paranaguá (PR),580,50.26,191.84,9641.88,327.7,1.77,2015.36,340.0,0.0,2355.36,7286.52,4.06,46.86,9.5,2.8,3.1,15.4,61,878.2,No Prazo
VJ-10257,22/02/2026,Dedicada,PR-D116,Motorista_023,Silo Francisco Beltrão -> Porto de Paranaguá (PR),580,50.05,193.58,9688.68,324.0,1.79,1992.6,340.0,0.0,2332.6,7356.08,4.02,46.61,10.2,2.9,4.4,17.5,61,868.3,No Prazo
VJ-10258,22/02/2026,Dedicada,PR-D045,Motorista_049,Silo Dois Vizinhos -> Terminal Mairinque (SP),620,50.03,212.09,10610.86,373.5,1.66,2297.02,410.0,0.0,2707.02,7903.84,4.37,54.11,11.7,1.1,1.0,13.8,67,1001.0,No Prazo
VJ-10259,22/02/2026,Dedicada,PR-D108,Motorista_138,Silo Dois Vizinhos -> Terminal Mairinque (SP),620,48.62,209.34,10178.11,350.3,1.77,2154.35,410.0,0.0,2564.35,7613.76,4.14,52.74,10.7,3.6,1.3,15.6,62,938.8,No Prazo
VJ-10260,22/02/2026,Dedicada,PR-D032,Motorista_081,Silo Capanema -> Porto de Itaqui (MA) [Arco Norte],2100,49.38,310.78,15346.32,1179.8,1.78,7255.77,180.0,0.0,7435.77,7910.55,3.54,150.58,33.6,3.2,6.1,42.9,72,3161.9,No Prazo
VJ-10261,22/02/2026,Dedicada,PR-D176,Motorista_148,Silo Dois Vizinhos -> Terminal Mairinque (SP),620,48.21,195.59,9429.39,364.7,1.7,2242.91,410.0,0.0,2652.91,6776.48,4.28,55.03,11.5,3.5,0.7,15.7,77,977.4,No Prazo
VJ-10262,22/02/2026,Própria,PR-P038,Motorista_008,Silo Francisco Beltrão -> Porto de Paranaguá (PR),580,50.41,197.8,9971.1,306.9,1.89,1887.44,340.0,261.0,2668.44,7302.66,4.6,52.93,10.2,2.6,11.7,24.5,83,822.5,No Prazo
VJ-10263,22/02/2026,Dedicada,PR-D178,Motorista_043,Silo Francisco Beltrão -> Porto de Paranaguá (PR),580,49.0,199.27,9764.23,343.2,1.69,2110.68,340.0,0.0,2450.68,7313.55,4.23,50.01,10.0,1.0,2.0,13.0,81,919.8,No Prazo
VJ-10264,23/02/2026,Dedicada,PR-D145,Motorista_095,Silo Pato Branco -> Indústria Esmagadora (PR),140,49.62,52.95,2627.38,78.7,1.78,484.01,85.0,0.0,569.01,2058.37,4.06,11.47,2.4,1.0,1.9,5.3,89,210.9,No Prazo
VJ-10265,23/02/2026,Própria,PR-P012,Motorista_057,Silo Francisco Beltrão -> Porto de Paranaguá (PR),580,48.26,208.36,10055.45,299.0,1.94,1838.85,340.0,261.0,2619.85,7435.6,4.52,54.29,10.6,3.8,11.0,25.4,83,801.3,No Prazo
VJ-10266,23/02/2026,Dedicada,PR-D022,Motorista_006,Silo Realeza -> Transbordo Ferroviário (PR),280,48.01,92.18,4425.56,149.7,1.87,920.66,160.0,0.0,1080.66,3344.9,3.86,22.51,5.2,2.0,1.7,8.9,61,401.2,No Prazo
VJ-10267,23/02/2026,Dedicada,PR-D145,Motorista_094,Silo Francisco Beltrão -> Porto de Paranaguá (PR),580,48.86,206.67,10097.9,337.2,1.72,2073.78,340.0,0.0,2413.78,7684.12,4.16,49.4,10.7,3.9,13.8,28.4,84,903.7,No Prazo
VJ-10268,23/02/2026,Dedicada,PR-D132,Motorista_081,Silo Dois Vizinhos -> Terminal Mairinque (SP),620,49.32,202.24,9974.48,354.3,1.75,2178.95,410.0,0.0,2588.95,7385.53,4.18,52.49,10.3,3.7,1.1,15.1,64,949.5,No Prazo
VJ-10269,23/02/2026,Dedicada,PR-D153,Motorista_087,Silo Francisco Beltrão -> Porto de Paranaguá (PR),580,48.4,204.43,9894.41,315.2,1.84,1938.48,340.0,0.0,2278.48,7615.93,3.93,47.08,9.2,2.4,5.1,16.7,83,844.7,No Prazo
VJ-10270,23/02/2026,Dedicada,PR-D169,Motorista_053,Silo Francisco Beltrão -> Porto de Paranaguá (PR),580,48.9,185.32,9062.15,329.5,1.76,2026.43,340.0,0.0,2366.43,6695.72,4.08,48.39,10.3,1.1,0.2,11.6,81,883.1,No Prazo
VJ-10271,23/02/2026,Dedicada,PR-D161,Motorista_140,Silo Francisco Beltrão -> Porto de Paranaguá (PR),580,49.82,205.77,10251.46,339.2,1.71,2086.08,340.0,0.0,2426.08,7825.38,4.18,48.7,9.4,3.6,10.2,23.2,72,909.1,No Prazo
VJ-10272,23/02/2026,Dedicada,PR-D020,Motorista_121,Silo Dois Vizinhos -> Terminal Mairinque (SP),620,49.16,193.41,9508.04,342.5,1.81,2106.38,410.0,0.0,2516.38,6991.66,4.06,51.19,11.4,2.6,1.2,15.2,84,917.9,No Prazo
VJ-10273,23/02/2026,Dedicada,PR-D159,Motorista_005,Silo Francisco Beltrão -> Porto de Paranaguá (PR),580,49.06,197.45,9686.9,310.2,1.87,1907.73,340.0,0.0,2247.73,7439.17,3.88,45.82,9.8,2.3,7.9,20.0,99,831.3,No Prazo
VJ-10274,23/02/2026,Própria,PR-P003,Motorista_039,Silo Francisco Beltrão -> Porto de Paranaguá (PR),580,49.12,208.8,10256.26,300.5,1.93,1848.08,340.0,261.0,2629.08,7627.18,4.53,53.52,9.3,0.5,5.8,15.6,62,805.3,No Prazo
VJ-10275,23/02/2026,Dedicada,PR-D067,Motorista_022,Silo Francisco Beltrão -> Porto de Paranaguá (PR),580,48.94,206.45,10103.66,320.4,1.81,1970.46,340.0,0.0,2310.46,7793.2,3.98,47.21,11.0,0.7,0.5,12.2,98,858.7,No Prazo
VJ-10276,24/02/2026,Dedicada,PR-D205,Motorista_081,Silo Dois Vizinhos -> Terminal Mairinque (SP),620,48.58,213.02,10348.51,366.9,1.69,2256.44,410.0,0.0,2666.44,7682.07,4.3,54.89,11.9,2.8,1.0,15.7,66,983.3,No Prazo
VJ-10277,24/02/2026,Dedicada,PR-D034,Motorista_119,Silo Francisco Beltrão -> Porto de Paranaguá (PR),580,49.92,190.44,9506.76,315.2,1.84,1938.48,340.0,0.0,2278.48,7228.28,3.93,45.64,9.5,2.7,6.3,18.5,66,844.7,No Prazo
VJ-10278,24/02/2026,Própria,PR-P008,Motorista_048,Silo Francisco Beltrão -> Porto de Paranaguá (PR),580,49.88,189.71,9462.73,287.1,2.02,1765.67,340.0,261.0,2546.67,6916.06,4.39,51.06,10.6,3.9,10.9,25.4,75,769.4,No Prazo
VJ-10279,24/02/2026,Dedicada,PR-D089,Motorista_092,Silo Pato Branco -> Indústria Esmagadora (PR),140,49.91,45.1,2250.94,82.4,1.7,506.76,85.0,0.0,591.76,1659.18,4.23,11.86,2.6,0.9,0.5,4.0,83,220.8,No Prazo
VJ-10280,24/02/2026,Dedicada,PR-D139,Motorista_015,Silo Francisco Beltrão -> Porto de Paranaguá (PR),580,49.7,186.47,9267.56,347.3,1.67,2135.9,340.0,0.0,2475.9,6791.66,4.27,49.82,11.0,1.2,2.6,14.8,66,930.8,Atrasado (Fila)
VJ-10281,24/02/2026,Dedicada,PR-D103,Motorista_077,Silo Pato Branco -> Indústria Esmagadora (PR),140,50.39,56.54,2849.05,84.3,1.66,518.45,85.0,0.0,603.45,2245.6,4.31,11.98,2.6,3.4,1.7,7.7,70,225.9,Atrasado (Manutenção)
VJ-10282,24/02/2026,Dedicada,PR-D004,Motorista_067,Silo Realeza -> Transbordo Ferroviário (PR),280,49.2,105.11,5171.41,148.9,1.88,915.74,160.0,0.0,1075.74,4095.67,3.84,21.86,4.8,0.8,1.1,6.7,66,399.1,No Prazo
VJ-10283,24/02/2026,Dedicada,PR-D010,Motorista_011,Silo Pato Branco -> Indústria Esmagadora (PR),140,48.21,45.44,2190.66,83.3,1.68,512.29,85.0,0.0,597.29,1593.37,4.27,12.39,2.5,0.9,1.8,5.2,87,223.2,No Prazo
VJ-10284,24/02/2026,Dedicada,PR-D037,Motorista_147,Silo Pato Branco -> Indústria Esmagadora (PR),140,49.05,59.8,2933.19,83.3,1.68,512.29,85.0,0.0,597.29,2335.9,4.27,12.18,2.4,1.1,1.1,4.6,94,223.2,No Prazo
VJ-10285,24/02/2026,Própria,PR-P037,Motorista_135,Silo Francisco Beltrão -> Porto de Paranaguá (PR),580,49.41,201.84,9972.91,313.5,1.85,1928.02,340.0,261.0,2709.02,7263.89,4.67,54.83,9.4,2.1,11.0,22.5,98,840.2,No Prazo
VJ-10286,24/02/2026,Dedicada,PR-D089,Motorista_075,Silo Pato Branco -> Indústria Esmagadora (PR),140,48.59,46.05,2237.57,81.4,1.72,500.61,85.0,0.0,585.61,1651.96,4.18,12.05,2.5,2.6,1.9,7.0,95,218.2,No Prazo
VJ-10287,24/02/2026,Dedicada,PR-D073,Motorista_049,Silo Dois Vizinhos -> Terminal Mairinque (SP),620,48.03,196.97,9460.47,337.0,1.84,2072.55,410.0,0.0,2482.55,6977.92,4.0,51.69,11.9,1.8,1.0,14.7,94,903.2,No Prazo
VJ-10288,25/02/2026,Dedicada,PR-D061,Motorista_114,Silo Pato Branco -> Indústria Esmagadora (PR),140,49.51,56.95,2819.59,75.7,1.85,465.56,85.0,0.0,550.56,2269.03,3.93,11.12,2.6,0.7,0.5,3.8,78,202.9,Atrasado (Manutenção)
VJ-10289,25/02/2026,Própria,PR-P007,Motorista_070,Silo Pato Branco -> Indústria Esmagadora (PR),140,50.15,51.02,2558.65,68.6,2.04,421.89,85.0,63.0,749.89,1808.76,5.36,14.95,2.7,2.7,0.9,6.3,63,183.8,No Prazo
VJ-10290,25/02/2026,Própria,PR-P036,Motorista_137,Silo Realeza -> Transbordo Ferroviário (PR),280,48.77,93.08,4539.51,136.6,2.05,840.09,160.0,126.0,1306.09,3233.42,4.66,26.78,4.6,3.1,0.9,8.6,96,366.1,No Prazo
VJ-10291,25/02/2026,Dedicada,PR-D042,Motorista_076,Silo Francisco Beltrão -> Porto de Paranaguá (PR),580,48.46,188.68,9143.43,331.4,1.75,2038.11,340.0,0.0,2378.11,6765.32,4.1,49.07,11.1,2.1,1.6,14.8,80,888.2,No Prazo
VJ-10292,25/02/2026,Dedicada,PR-D119,Motorista_036,Silo Capanema -> Porto de Itaqui (MA) [Arco Norte],2100,48.7,283.35,13799.15,1265.1,1.66,7780.36,180.0,0.0,7960.36,5838.79,3.79,163.46,39.9,0.7,10.1,50.7,75,3390.5,No Prazo
VJ-10293,25/02/2026,Dedicada,PR-D105,Motorista_085,Silo Pato Branco -> Indústria Esmagadora (PR),140,48.77,56.02,2732.1,81.9,1.71,503.69,85.0,0.0,588.69,2143.41,4.2,12.07,2.3,1.0,0.6,3.9,98,219.5,No Prazo
VJ-10294,25/02/2026,Dedicada,PR-D015,Motorista_147,Silo Francisco Beltrão -> Porto de Paranaguá (PR),580,48.66,180.05,8761.23,324.0,1.79,1992.6,340.0,0.0,2332.6,6428.63,4.02,47.94,10.6,1.9,3.8,16.3,62,868.3,No Prazo
VJ-10295,25/02/2026,Dedicada,PR-D185,Motorista_081,Silo Francisco Beltrão -> Porto de Paranaguá (PR),580,49.1,205.44,10087.1,310.2,1.87,1907.73,340.0,0.0,2247.73,7839.37,3.88,45.78,10.5,3.0,6.2,19.7,89,831.3,No Prazo
VJ-10296,25/02/2026,Dedicada,PR-D088,Motorista_102,Silo Francisco Beltrão -> Porto de Paranaguá (PR),580,49.88,190.07,9480.69,313.5,1.85,1928.02,340.0,0.0,2268.02,7212.67,3.91,45.47,10.7,1.8,1.6,14.1,86,840.2,No Prazo
VJ-10297,25/02/2026,Dedicada,PR-D136,Motorista_014,Silo Realeza -> Transbordo Ferroviário (PR),280,49.84,108.57,5411.13,165.7,1.69,1019.06,160.0,0.0,1179.06,4232.07,4.21,23.66,4.9,3.1,1.2,9.2,61,444.1,No Prazo
VJ-10298,25/02/2026,Dedicada,PR-D067,Motorista_003,Silo Capanema -> Porto de Itaqui (MA) [Arco Norte],2100,48.72,282.25,13751.22,1173.2,1.79,7215.18,180.0,0.0,7395.18,6356.04,3.52,151.79,36.9,3.7,4.3,44.9,74,3144.2,No Prazo
VJ-10299,25/02/2026,Própria,PR-P010,Motorista_039,Silo Realeza -> Transbordo Ferroviário (PR),280,48.3,91.31,4410.27,144.3,1.94,887.45,160.0,126.0,1353.45,3056.82,4.83,28.02,4.5,2.7,0.6,7.8,60,386.7,No Prazo
VJ-10300,26/02/2026,Dedicada,PR-D054,Motorista_113,Silo Francisco Beltrão -> Porto de Paranaguá (PR),580,48.72,187.09,9115.02,339.2,1.71,2086.08,340.0,0.0,2426.08,6688.94,4.18,49.8,10.5,3.8,5.5,19.8,83,909.1,No Prazo
VJ-10301,26/02/2026,Dedicada,PR-D115,Motorista_107,Silo Dois Vizinhos -> Terminal Mairinque (SP),620,49.37,214.38,10583.94,358.4,1.73,2204.16,410.0,0.0,2614.16,7969.78,4.22,52.95,11.5,3.7,1.4,16.6,80,960.5,No Prazo
VJ-10302,26/02/2026,Dedicada,PR-D207,Motorista_093,Silo Francisco Beltrão -> Porto de Paranaguá (PR),580,48.09,192.03,9234.72,325.8,1.78,2003.67,340.0,0.0,2343.67,6891.05,4.04,48.74,9.4,2.1,16.1,27.6,81,873.1,No Prazo
VJ-10303,26/02/2026,Dedicada,PR-D035,Motorista_148,Silo Dois Vizinhos -> Terminal Mairinque (SP),620,49.72,212.98,10589.37,331.6,1.87,2039.34,410.0,0.0,2449.34,8140.03,3.95,49.26,10.7,2.9,1.6,15.2,79,888.7,No Prazo
VJ-10304,26/02/2026,Própria,PR-P017,Motorista_043,Silo Francisco Beltrão -> Porto de Paranaguá (PR),580,50.22,199.22,10004.83,291.5,1.99,1792.72,340.0,261.0,2573.72,7431.11,4.44,51.25,10.4,2.3,0.7,13.4,91,781.2,No Prazo
VJ-10305,26/02/2026,Dedicada,PR-D030,Motorista_055,Silo Pato Branco -> Indústria Esmagadora (PR),140,48.73,50.59,2465.25,74.9,1.87,460.64,85.0,0.0,545.64,1919.61,3.9,11.2,2.7,4.0,1.2,7.9,98,200.7,No Prazo
VJ-10306,26/02/2026,Dedicada,PR-D162,Motorista_084,Silo Pato Branco -> Indústria Esmagadora (PR),140,48.65,49.95,2430.07,75.7,1.85,465.56,85.0,0.0,550.56,1879.51,3.93,11.32,2.4,3.6,1.7,7.7,88,202.9,No Prazo
VJ-10307,26/02/2026,Dedicada,PR-D151,Motorista_083,Silo Pato Branco -> Indústria Esmagadora (PR),140,50.45,56.06,2828.23,83.8,1.67,515.37,85.0,0.0,600.37,2227.86,4.29,11.9,2.2,1.7,1.2,5.1,96,224.6,No Prazo
VJ-10308,26/02/2026,Dedicada,PR-D076,Motorista_014,Silo Francisco Beltrão -> Porto de Paranaguá (PR),580,49.43,191.24,9452.99,349.4,1.66,2148.81,340.0,0.0,2488.81,6964.18,4.29,50.35,10.3,3.9,8.0,22.2,93,936.4,No Prazo
VJ-10309,26/02/2026,Dedicada,PR-D117,Motorista_113,Silo Francisco Beltrão -> Porto de Paranaguá (PR),580,50.36,195.11,9825.74,349.4,1.66,2148.81,340.0,0.0,2488.81,7336.93,4.29,49.42,9.3,1.0,2.4,12.7,69,936.4,No Prazo
VJ-10310,26/02/2026,Dedicada,PR-D024,Motorista_046,Silo Pato Branco -> Indústria Esmagadora (PR),140,50.01,46.37,2318.96,75.3,1.86,463.1,85.0,0.0,548.1,1770.86,3.92,10.96,2.5,3.5,1.3,7.3,73,201.8,No Prazo
VJ-10311,26/02/2026,Dedicada,PR-D168,Motorista_108,Silo Pato Branco -> Indústria Esmagadora (PR),140,50.33,52.63,2648.87,84.3,1.66,518.45,85.0,0.0,603.45,2045.42,4.31,11.99,2.5,2.4,1.1,6.0,68,225.9,No Prazo
VJ-10312,27/02/2026,Própria,PR-P014,Motorista_039,Silo Pato Branco -> Indústria Esmagadora (PR),140,49.61,56.81,2818.34,76.1,1.84,468.02,85.0,63.0,796.02,2022.32,5.69,16.05,2.6,1.6,0.9,5.1,77,203.9,No Prazo
VJ-10313,27/02/2026,Dedicada,PR-D070,Motorista_135,Silo Francisco Beltrão -> Porto de Paranaguá (PR),580,48.49,187.45,9089.45,316.9,1.83,1948.94,340.0,0.0,2288.94,6800.51,3.95,47.2,10.1,2.7,2.5,15.3,75,849.3,No Prazo
VJ-10314,27/02/2026,Própria,PR-P013,Motorista_015,Silo Capanema -> Porto de Itaqui (MA) [Arco Norte],2100,48.24,303.45,14638.43,1093.8,1.92,6726.87,180.0,945.0,8031.87,6606.56,3.82,166.5,40.4,0.9,1.4,42.7,63,2931.4,No Prazo
VJ-10315,27/02/2026,Própria,PR-P020,Motorista_126,Silo Capanema -> Porto de Itaqui (MA) [Arco Norte],2100,48.6,308.12,14974.63,1147.5,1.83,7057.12,180.0,945.0,8362.12,6612.51,3.98,172.06,34.3,4.0,4.4,42.7,84,3075.3,No Prazo
VJ-10316,27/02/2026,Dedicada,PR-D002,Motorista_003,Silo Capanema -> Porto de Itaqui (MA) [Arco Norte],2100,49.92,291.04,14528.72,1123.0,1.87,6906.45,180.0,0.0,7086.45,7442.27,3.37,141.96,40.0,1.1,13.5,54.6,84,3009.6,No Prazo
VJ-10317,27/02/2026,Própria,PR-P014,Motorista_007,Silo Pato Branco -> Indústria Esmagadora (PR),140,48.76,59.89,2920.24,69.3,2.02,426.2,85.0,63.0,754.2,2166.04,5.39,15.47,2.4,0.6,1.1,4.1,73,185.7,No Prazo
VJ-10318,27/02/2026,Dedicada,PR-D154,Motorista_071,Silo Francisco Beltrão -> Porto de Paranaguá (PR),580,49.85,206.11,10274.58,313.5,1.85,1928.02,340.0,0.0,2268.02,8006.56,3.91,45.5,9.9,3.9,0.7,14.5,79,840.2,No Prazo
VJ-10319,27/02/2026,Dedicada,PR-D166,Motorista_137,Silo Dois Vizinhos -> Terminal Mairinque (SP),620,50.07,216.54,10842.16,331.6,1.87,2039.34,410.0,0.0,2449.34,8392.82,3.95,48.92,10.9,2.2,1.9,15.0,92,888.7,No Prazo
VJ-10320,27/02/2026,Dedicada,PR-D109,Motorista_074,Silo Pato Branco -> Indústria Esmagadora (PR),140,48.75,51.38,2504.78,83.3,1.68,512.29,85.0,0.0,597.29,1907.49,4.27,12.25,2.3,3.9,0.6,6.8,60,223.2,No Prazo
VJ-10321,27/02/2026,Dedicada,PR-D108,Motorista_033,Silo Francisco Beltrão -> Porto de Paranaguá (PR),580,48.52,204.48,9921.37,345.2,1.68,2122.98,340.0,0.0,2462.98,7458.39,4.25,50.76,10.3,1.9,3.0,15.2,82,925.1,No Prazo
VJ-10322,27/02/2026,Própria,PR-P038,Motorista_057,Silo Pato Branco -> Indústria Esmagadora (PR),140,48.21,45.61,2198.86,73.3,1.91,450.8,85.0,63.0,778.8,1420.06,5.56,16.15,2.5,2.6,1.5,6.6,84,196.4,No Prazo
VJ-10323,27/02/2026,Própria,PR-P031,Motorista_086,Silo Realeza -> Transbordo Ferroviário (PR),280,48.25,102.39,4940.32,150.5,1.86,925.58,160.0,126.0,1391.58,3548.74,4.97,28.84,4.5,3.3,0.5,8.3,78,403.3,No Prazo
VJ-10324,28/02/2026,Dedicada,PR-D177,Motorista_069,Silo Realeza -> Transbordo Ferroviário (PR),280,49.73,102.61,5102.8,150.5,1.86,925.58,160.0,0.0,1085.58,4017.22,3.88,21.83,4.9,2.5,1.9,9.3,64,403.3,No Prazo
VJ-10325,28/02/2026,Dedicada,PR-D132,Motorista_001,Silo Capanema -> Porto de Itaqui (MA) [Arco Norte],2100,48.9,319.83,15639.69,1235.3,1.7,7597.1,180.0,0.0,7777.1,7862.59,3.7,159.04,34.2,2.1,9.8,46.1,85,3310.6,No Prazo
VJ-10326,28/02/2026,Dedicada,PR-D191,Motorista_036,Silo Dois Vizinhos -> Terminal Mairinque (SP),620,49.38,192.32,9496.76,335.1,1.85,2060.87,410.0,0.0,2470.87,7025.89,3.99,50.04,11.5,1.6,0.7,13.8,96,898.1,No Prazo
VJ-10327,28/02/2026,Dedicada,PR-D134,Motorista_011,Silo Dois Vizinhos -> Terminal Mairinque (SP),620,50.09,204.99,10267.95,335.1,1.85,2060.87,410.0,0.0,2470.87,7797.08,3.99,49.33,11.5,0.9,1.3,13.7,63,898.1,Atrasado (Fila)
VJ-10328,28/02/2026,Dedicada,PR-D032,Motorista_049,Silo Francisco Beltrão -> Porto de Paranaguá (PR),580,48.36,191.32,9252.24,315.2,1.84,1938.48,340.0,0.0,2278.48,6973.76,3.93,47.11,10.5,2.0,0.4,12.9,76,844.7,No Prazo
VJ-10329,28/02/2026,Dedicada,PR-D002,Motorista_114,Silo Francisco Beltrão -> Porto de Paranaguá (PR),580,48.77,208.93,10189.52,347.3,1.67,2135.9,340.0,0.0,2475.9,7713.62,4.27,50.77,11.1,1.0,17.1,29.2,98,930.8,No Prazo
VJ-10330,28/02/2026,Dedicada,PR-D174,Motorista_123,Silo Francisco Beltrão -> Porto de Paranaguá (PR),580,49.25,208.21,10254.34,337.2,1.72,2073.78,340.0,0.0,2413.78,7840.56,4.16,49.01,9.5,1.1,3.6,14.2,76,903.7,No Prazo
VJ-10331,28/02/2026,Dedicada,PR-D031,Motorista_059,Silo Pato Branco -> Indústria Esmagadora (PR),140,48.91,56.39,2758.03,79.5,1.76,488.92,85.0,0.0,573.92,2184.11,4.1,11.73,2.4,0.7,1.7,4.8,76,213.1,No Prazo
VJ-10332,28/02/2026,Dedicada,PR-D085,Motorista_067,Silo Francisco Beltrão -> Porto de Paranaguá (PR),580,49.0,192.7,9442.3,310.2,1.87,1907.73,340.0,0.0,2247.73,7194.57,3.88,45.87,10.9,1.2,1.3,13.4,97,831.3,No Prazo
VJ-10333,28/02/2026,Dedicada,PR-D183,Motorista_093,Silo Pato Branco -> Indústria Esmagadora (PR),140,49.05,53.31,2614.86,76.9,1.82,472.94,85.0,0.0,557.94,2056.92,3.99,11.37,2.4,1.0,0.7,4.1,63,206.1,No Prazo
VJ-10334,28/02/2026,Dedicada,PR-D066,Motorista_079,Silo Pato Branco -> Indústria Esmagadora (PR),140,49.13,52.09,2559.18,80.9,1.73,497.54,85.0,0.0,582.54,1976.64,4.16,11.86,2.2,1.4,1.2,4.8,90,216.8,Atrasado (Fila)
VJ-10335,28/02/2026,Dedicada,PR-D075,Motorista_097,Silo Francisco Beltrão -> Porto de Paranaguá (PR),580,48.67,205.51,10002.17,339.2,1.71,2086.08,340.0,0.0,2426.08,7576.09,4.18,49.85,10.9,3.4,4.8,19.1,88,909.1,No Prazo
VJ-10336,01/03/2026,Própria,PR-P040,Motorista_040,Silo Dois Vizinhos -> Terminal Mairinque (SP),620,50.11,213.42,10694.48,321.2,1.93,1975.38,410.0,279.0,2844.38,7850.1,4.59,56.76,9.9,3.1,1.5,14.5,68,860.8,No Prazo
VJ-10337,01/03/2026,Dedicada,PR-D205,Motorista_089,Silo Francisco Beltrão -> Porto de Paranaguá (PR),580,49.2,192.25,9458.7,331.4,1.75,2038.11,340.0,0.0,2378.11,7080.59,4.1,48.34,10.5,2.4,5.3,18.2,90,888.2,No Prazo
VJ-10338,01/03/2026,Dedicada,PR-D005,Motorista_026,Silo Dois Vizinhos -> Terminal Mairinque (SP),620,48.34,202.97,9811.57,364.7,1.7,2242.91,410.0,0.0,2652.91,7158.66,4.28,54.88,9.9,2.9,1.7,14.5,89,977.4,Atrasado (Fila)
VJ-10339,01/03/2026,Própria,PR-P013,Motorista_129,Silo Dois Vizinhos -> Terminal Mairinque (SP),620,50.13,210.5,10552.36,326.3,1.9,2006.74,410.0,279.0,2875.74,7676.62,4.64,57.37,11.9,1.4,0.9,14.2,91,874.5,No Prazo
VJ-10340,01/03/2026,Própria,PR-P003,Motorista_083,Silo Dois Vizinhos -> Terminal Mairinque (SP),620,49.86,213.54,10647.1,321.2,1.93,1975.38,410.0,279.0,2844.38,7802.72,4.59,57.05,10.7,3.2,0.8,14.7,90,860.8,No Prazo
VJ-10341,01/03/2026,Dedicada,PR-D077,Motorista_115,Silo Francisco Beltrão -> Porto de Paranaguá (PR),580,49.62,205.24,10184.01,341.2,1.7,2098.38,340.0,0.0,2438.38,7745.63,4.2,49.14,9.4,1.4,3.3,14.1,88,914.4,No Prazo
VJ-10342,01/03/2026,Dedicada,PR-D056,Motorista_091,Silo Francisco Beltrão -> Porto de Paranaguá (PR),580,49.69,196.11,9744.71,345.2,1.68,2122.98,340.0,0.0,2462.98,7281.73,4.25,49.57,10.5,1.6,8.9,21.0,92,925.1,No Prazo
VJ-10343,01/03/2026,Dedicada,PR-D108,Motorista_002,Silo Capanema -> Porto de Itaqui (MA) [Arco Norte],2100,49.65,318.21,15799.13,1179.8,1.78,7255.77,180.0,0.0,7435.77,8363.36,3.54,149.76,36.0,2.4,4.7,43.1,94,3161.9,Atrasado (Fila)
VJ-10344,01/03/2026,Dedicada,PR-D016,Motorista_028,Silo Francisco Beltrão -> Porto de Paranaguá (PR),580,49.7,208.48,10361.46,349.4,1.66,2148.81,340.0,0.0,2488.81,7872.65,4.29,50.08,11.0,1.2,1.9,14.1,89,936.4,No Prazo
VJ-10345,01/03/2026,Dedicada,PR-D152,Motorista_059,Silo Pato Branco -> Indústria Esmagadora (PR),140,50.13,54.69,2741.61,78.7,1.78,484.01,85.0,0.0,569.01,2172.6,4.06,11.35,2.6,0.6,0.8,4.0,67,210.9,Atrasado (Fila)
VJ-10346,01/03/2026,Dedicada,PR-D175,Motorista_145,Silo Francisco Beltrão -> Porto de Paranaguá (PR),580,50.39,205.79,10369.76,347.3,1.67,2135.9,340.0,0.0,2475.9,7893.86,4.27,49.13,10.4,2.7,3.4,16.5,82,930.8,No Prazo
VJ-10347,01/03/2026,Própria,PR-P024,Motorista_073,Silo Francisco Beltrão -> Porto de Paranaguá (PR),580,49.61,205.18,10178.98,295.9,1.96,1819.78,340.0,261.0,2600.78,7578.2,4.48,52.42,10.9,3.6,2.1,16.6,84,793.0,No Prazo
VJ-10348,02/03/2026,Dedicada,PR-D056,Motorista_037,Silo Capanema -> Porto de Itaqui (MA) [Arco Norte],2100,50.19,300.21,15067.54,1272.7,1.65,7827.1,180.0,0.0,8007.1,7060.44,3.81,159.54,33.4,0.9,9.2,43.5,69,3410.8,Atrasado (Manutenção)
VJ-10349,02/03/2026,Dedicada,PR-D136,Motorista_072,Silo Realeza -> Transbordo Ferroviário (PR),280,48.44,97.79,4736.95,149.7,1.87,920.66,160.0,0.0,1080.66,3656.29,3.86,22.31,5.0,1.4,0.9,7.3,71,401.2,No Prazo
VJ-10350,02/03/2026,Própria,PR-P029,Motorista_131,Silo Pato Branco -> Indústria Esmagadora (PR),140,49.04,49.48,2426.5,68.6,2.04,421.89,85.0,63.0,749.89,1676.61,5.36,15.29,2.5,0.5,0.7,3.7,68,183.8,Atrasado (Fila)
VJ-10351,02/03/2026,Própria,PR-P007,Motorista_051,Silo Dois Vizinhos -> Terminal Mairinque (SP),620,49.18,218.31,10736.49,306.9,2.02,1887.44,410.0,279.0,2756.44,7980.05,4.45,56.05,11.1,0.8,1.3,13.2,63,822.5,No Prazo
VJ-10352,02/03/2026,Dedicada,PR-D163,Motorista_137,Silo Pato Branco -> Indústria Esmagadora (PR),140,49.09,50.45,2476.59,84.8,1.65,521.52,85.0,0.0,606.52,1870.07,4.33,12.36,2.3,1.7,0.9,4.9,62,227.3,No Prazo
VJ-10353,02/03/2026,Dedicada,PR-D099,Motorista_109,Silo Dois Vizinhos -> Terminal Mairinque (SP),620,49.7,215.68,10719.3,360.5,1.72,2217.08,410.0,0.0,2627.08,8092.22,4.24,52.86,10.2,2.1,1.0,13.3,62,966.1,No Prazo
VJ-10354,02/03/2026,Dedicada,PR-D094,Motorista_046,Silo Pato Branco -> Indústria Esmagadora (PR),140,49.33,50.03,2467.98,79.5,1.76,488.92,85.0,0.0,573.92,1894.06,4.1,11.63,2.3,2.6,0.8,5.7,88,213.1,No Prazo
VJ-10355,02/03/2026,Dedicada,PR-D142,Motorista_042,Silo Francisco Beltrão -> Porto de Paranaguá (PR),580,50.23,200.8,10086.18,318.7,1.82,1960.0,340.0,0.0,2300.0,7786.18,3.97,45.79,10.5,1.0,2.8,14.3,75,854.1,Atrasado (Manutenção)
VJ-10356,02/03/2026,Dedicada,PR-D081,Motorista_058,Silo Francisco Beltrão -> Porto de Paranaguá (PR),580,50.37,182.87,9211.16,324.0,1.79,1992.6,340.0,0.0,2332.6,6878.56,4.02,46.31,10.2,2.4,16.4,29.0,67,868.3,No Prazo
VJ-10357,02/03/2026,Dedicada,PR-D142,Motorista_141,Silo Francisco Beltrão -> Porto de Paranaguá (PR),580,50.03,193.05,9658.29,335.3,1.73,2062.1,340.0,0.0,2402.1,7256.19,4.14,48.01,10.3,1.6,10.2,22.1,69,898.6,No Prazo
VJ-10358,02/03/2026,Dedicada,PR-D136,Motorista_068,Silo Pato Branco -> Indústria Esmagadora (PR),140,48.95,53.42,2614.91,74.9,1.87,460.64,85.0,0.0,545.64,2069.27,3.9,11.15,2.3,1.9,1.1,5.3,65,200.7,No Prazo
VJ-10359,02/03/2026,Dedicada,PR-D144,Motorista_015,Silo Francisco Beltrão -> Porto de Paranaguá (PR),580,50.01,207.13,10358.57,329.5,1.76,2026.43,340.0,0.0,2366.43,7992.14,4.08,47.32,9.9,0.9,1.7,12.5,74,883.1,No Prazo
VJ-10360,03/03/2026,Dedicada,PR-D041,Motorista_049,Silo Dois Vizinhos -> Terminal Mairinque (SP),620,48.87,219.37,10720.61,346.4,1.79,2130.36,410.0,0.0,2540.36,8180.25,4.1,51.98,11.1,0.6,0.5,12.2,74,928.4,No Prazo
VJ-10361,03/03/2026,Dedicada,PR-D068,Motorista_130,Silo Pato Branco -> Indústria Esmagadora (PR),140,49.11,48.9,2401.48,81.4,1.72,500.61,85.0,0.0,585.61,1815.87,4.18,11.92,2.6,0.8,1.5,4.9,90,218.2,No Prazo
VJ-10362,03/03/2026,Própria,PR-P036,Motorista_040,Silo Capanema -> Porto de Itaqui (MA) [Arco Norte],2100,48.03,300.43,14429.65,1024.4,2.05,6300.06,180.0,945.0,7605.06,6824.59,3.62,158.34,36.4,1.8,13.7,51.9,64,2745.4,No Prazo
VJ-10363,03/03/2026,Dedicada,PR-D002,Motorista_088,Silo Pato Branco -> Indústria Esmagadora (PR),140,50.02,52.57,2629.55,76.5,1.83,470.48,85.0,0.0,555.48,2074.07,3.97,11.11,2.6,2.1,1.8,6.5,63,205.0,No Prazo
VJ-10364,03/03/2026,Dedicada,PR-D015,Motorista_096,Silo Francisco Beltrão -> Porto de Paranaguá (PR),580,49.92,185.13,9241.69,337.2,1.72,2073.78,340.0,0.0,2413.78,6827.91,4.16,48.35,10.6,3.8,25.8,40.2,70,903.7,No Prazo
VJ-10365,03/03/2026,Dedicada,PR-D185,Motorista_110,Silo Realeza -> Transbordo Ferroviário (PR),280,48.35,91.16,4407.59,155.6,1.8,956.94,160.0,0.0,1116.94,3290.65,3.99,23.1,5.4,1.5,0.7,7.6,91,417.0,No Prazo
VJ-10366,03/03/2026,Própria,PR-P023,Motorista_051,Silo Francisco Beltrão -> Porto de Paranaguá (PR),580,48.01,198.82,9545.35,284.3,2.04,1748.45,340.0,261.0,2529.45,7015.9,4.36,52.69,9.9,1.4,10.1,21.4,76,761.9,No Prazo
VJ-10367,03/03/2026,Dedicada,PR-D139,Motorista_112,Silo Dois Vizinhos -> Terminal Mairinque (SP),620,49.17,192.58,9469.16,371.3,1.67,2283.5,410.0,0.0,2693.5,6775.66,4.34,54.78,10.5,2.7,0.7,13.9,96,995.1,No Prazo
VJ-10368,03/03/2026,Dedicada,PR-D142,Motorista_031,Silo Dois Vizinhos -> Terminal Mairinque (SP),620,49.65,207.05,10280.03,346.4,1.79,2130.36,410.0,0.0,2540.36,7739.67,4.1,51.17,11.0,0.6,1.2,12.8,86,928.4,No Prazo
VJ-10369,03/03/2026,Dedicada,PR-D036,Motorista_103,Silo Realeza -> Transbordo Ferroviário (PR),280,49.88,97.17,4846.84,153.8,1.82,945.87,160.0,0.0,1105.87,3740.97,3.95,22.17,4.7,3.7,1.3,9.7,71,412.2,No Prazo
VJ-10370,03/03/2026,Dedicada,PR-D163,Motorista_006,Silo Capanema -> Porto de Itaqui (MA) [Arco Norte],2100,49.72,284.86,14163.24,1117.0,1.88,6869.55,180.0,0.0,7049.55,7113.69,3.36,141.78,34.6,1.2,4.0,39.8,72,2993.6,No Prazo
VJ-10371,03/03/2026,Dedicada,PR-D002,Motorista_043,Silo Pato Branco -> Indústria Esmagadora (PR),140,50.28,56.87,2859.42,77.8,1.8,478.47,85.0,0.0,563.47,2295.95,4.02,11.21,2.4,0.6,1.2,4.2,72,208.5,No Prazo
VJ-10372,04/03/2026,Dedicada,PR-D138,Motorista_009,Silo Dois Vizinhos -> Terminal Mairinque (SP),620,49.59,216.86,10754.09,340.7,1.82,2095.3,410.0,0.0,2505.3,8248.79,4.04,50.52,10.8,2.1,0.8,13.7,73,913.1,No Prazo
VJ-10373,04/03/2026,Dedicada,PR-D020,Motorista_126,Silo Francisco Beltrão -> Porto de Paranaguá (PR),580,48.49,186.52,9044.35,311.8,1.86,1917.57,340.0,0.0,2257.57,6786.78,3.89,46.56,10.9,3.1,2.6,16.6,77,835.6,No Prazo
VJ-10374,04/03/2026,Própria,PR-P030,Motorista_080,Silo Capanema -> Porto de Itaqui (MA) [Arco Norte],2100,48.04,313.2,15046.13,1044.8,2.01,6425.52,180.0,945.0,7730.52,7315.61,3.68,160.92,34.8,3.4,5.8,44.0,90,2800.1,No Prazo
VJ-10375,04/03/2026,Dedicada,PR-D188,Motorista_127,Silo Dois Vizinhos -> Terminal Mairinque (SP),620,49.18,198.43,9758.79,366.9,1.69,2256.44,410.0,0.0,2666.44,7092.35,4.3,54.22,10.1,1.0,1.4,12.5,69,983.3,No Prazo
VJ-10376,04/03/2026,Dedicada,PR-D190,Motorista_064,Silo Dois Vizinhos -> Terminal Mairinque (SP),620,49.33,214.75,10593.62,346.4,1.79,2130.36,410.0,0.0,2540.36,8053.26,4.1,51.5,11.3,0.8,1.2,13.3,71,928.4,No Prazo
VJ-10377,04/03/2026,Dedicada,PR-D023,Motorista_136,Silo Francisco Beltrão -> Porto de Paranaguá (PR),580,48.73,201.17,9803.01,341.2,1.7,2098.38,340.0,0.0,2438.38,7364.63,4.2,50.04,10.6,3.2,8.7,22.5,90,914.4,No Prazo
VJ-10378,04/03/2026,Dedicada,PR-D052,Motorista_099,Silo Pato Branco -> Indústria Esmagadora (PR),140,49.32,46.32,2284.5,83.8,1.67,515.37,85.0,0.0,600.37,1684.13,4.29,12.17,2.4,3.5,1.6,7.5,66,224.6,Atrasado (Manutenção)
VJ-10379,04/03/2026,Dedicada,PR-D087,Motorista_027,Silo Realeza -> Transbordo Ferroviário (PR),280,49.1,104.01,5106.89,153.8,1.82,945.87,160.0,0.0,1105.87,4001.02,3.95,22.52,4.7,1.8,1.0,7.5,60,412.2,No Prazo
VJ-10380,04/03/2026,Dedicada,PR-D089,Motorista_080,Silo Realeza -> Transbordo Ferroviário (PR),280,48.66,109.85,5345.3,152.2,1.84,936.03,160.0,0.0,1096.03,4249.27,3.91,22.52,5.1,3.7,1.1,9.9,90,407.9,No Prazo
VJ-10381,04/03/2026,Dedicada,PR-D045,Motorista_143,Silo Realeza -> Transbordo Ferroviário (PR),280,48.05,106.99,5140.87,148.9,1.88,915.74,160.0,0.0,1075.74,4065.13,3.84,22.39,5.3,3.9,2.0,11.2,86,399.1,Atrasado (Manutenção)
VJ-10382,04/03/2026,Dedicada,PR-D167,Motorista_079,Silo Pato Branco -> Indústria Esmagadora (PR),140,49.93,47.67,2380.16,80.5,1.74,495.08,85.0,0.0,580.08,1800.08,4.14,11.62,2.4,3.9,1.4,7.7,69,215.7,No Prazo
VJ-10383,04/03/2026,Dedicada,PR-D011,Motorista_037,Silo Pato Branco -> Indústria Esmagadora (PR),140,50.06,57.17,2861.93,81.9,1.71,503.69,85.0,0.0,588.69,2273.24,4.2,11.76,2.6,1.5,1.9,6.0,89,219.5,No Prazo
VJ-10384,05/03/2026,Dedicada,PR-D149,Motorista_018,Silo Pato Branco -> Indústria Esmagadora (PR),140,50.33,51.95,2614.64,80.5,1.74,495.08,85.0,0.0,580.08,2034.56,4.14,11.53,2.4,0.8,1.9,5.1,86,215.7,No Prazo
VJ-10385,05/03/2026,Dedicada,PR-D055,Motorista_010,Silo Pato Branco -> Indústria Esmagadora (PR),140,48.04,59.18,2843.01,84.8,1.65,521.52,85.0,0.0,606.52,2236.49,4.33,12.63,2.4,3.2,1.5,7.1,69,227.3,No Prazo
VJ-10386,05/03/2026,Dedicada,PR-D078,Motorista_134,Silo Dois Vizinhos -> Terminal Mairinque (SP),620,48.44,208.1,10080.36,333.3,1.86,2049.8,410.0,0.0,2459.8,7620.56,3.97,50.78,10.9,3.3,0.8,15.0,78,893.2,No Prazo
VJ-10387,05/03/2026,Dedicada,PR-D075,Motorista_082,Silo Pato Branco -> Indústria Esmagadora (PR),140,48.56,58.24,2828.13,76.1,1.84,468.02,85.0,0.0,553.02,2275.11,3.95,11.39,2.5,1.4,0.6,4.5,75,203.9,No Prazo
VJ-10388,05/03/2026,Dedicada,PR-D048,Motorista_068,Silo Pato Branco -> Indústria Esmagadora (PR),140,50.05,53.62,2683.68,76.1,1.84,468.02,85.0,0.0,553.02,2130.66,3.95,11.05,2.6,1.1,1.0,4.7,79,203.9,No Prazo
VJ-10389,05/03/2026,Dedicada,PR-D134,Motorista_024,Silo Pato Branco -> Indústria Esmagadora (PR),140,48.66,56.83,2765.35,76.5,1.83,470.48,85.0,0.0,555.48,2209.87,3.97,11.42,2.3,2.8,1.5,6.6,61,205.0,No Prazo
VJ-10390,05/03/2026,Dedicada,PR-D181,Motorista_092,Silo Francisco Beltrão -> Porto de Paranaguá (PR),580,48.9,194.29,9500.78,329.5,1.76,2026.43,340.0,0.0,2366.43,7134.35,4.08,48.39,9.8,4.0,6.2,20.0,66,883.1,No Prazo
VJ-10391,05/03/2026,Dedicada,PR-D073,Motorista_144,Silo Francisco Beltrão -> Porto de Paranaguá (PR),580,49.77,185.07,9210.93,337.2,1.72,2073.78,340.0,0.0,2413.78,6797.15,4.16,48.5,10.7,3.3,5.2,19.2,99,903.7,Atrasado (Fila)
VJ-10392,05/03/2026,Própria,PR-P025,Motorista_016,Silo Dois Vizinhos -> Terminal Mairinque (SP),620,50.1,213.61,10701.86,308.5,2.01,1897.28,410.0,279.0,2766.28,7935.58,4.46,55.22,10.5,2.0,1.9,14.4,99,826.8,No Prazo
VJ-10393,05/03/2026,Dedicada,PR-D157,Motorista_015,Silo Francisco Beltrão -> Porto de Paranaguá (PR),580,50.26,189.5,9524.27,313.5,1.85,1928.02,340.0,0.0,2268.02,7256.25,3.91,45.13,10.8,1.4,4.2,16.4,60,840.2,No Prazo
VJ-10394,05/03/2026,Dedicada,PR-D150,Motorista_078,Silo Francisco Beltrão -> Porto de Paranaguá (PR),580,48.78,192.64,9396.98,313.5,1.85,1928.02,340.0,0.0,2268.02,7128.96,3.91,46.49,10.8,1.4,12.3,24.5,80,840.2,No Prazo
VJ-10395,05/03/2026,Própria,PR-P025,Motorista_123,Silo Pato Branco -> Indústria Esmagadora (PR),140,48.27,51.58,2489.77,76.1,1.84,468.02,85.0,63.0,796.02,1693.75,5.69,16.49,2.4,3.2,1.4,7.0,91,203.9,Atrasado (Manutenção)
VJ-10396,06/03/2026,Dedicada,PR-D056,Motorista_036,Silo Realeza -> Transbordo Ferroviário (PR),280,50.2,103.52,5196.7,153.0,1.83,940.95,160.0,0.0,1100.95,4095.75,3.93,21.93,4.5,1.5,1.1,7.1,91,410.0,No Prazo
VJ-10397,06/03/2026,Dedicada,PR-D160,Motorista_058,Silo Realeza -> Transbordo Ferroviário (PR),280,48.99,103.05,5048.42,161.8,1.73,995.07,160.0,0.0,1155.07,3893.35,4.13,23.58,4.5,0.8,1.4,6.7,67,433.6,No Prazo
VJ-10398,06/03/2026,Dedicada,PR-D154,Motorista_044,Silo Pato Branco -> Indústria Esmagadora (PR),140,49.63,49.84,2473.56,77.3,1.81,475.4,85.0,0.0,560.4,1913.16,4.0,11.29,2.4,1.5,1.0,4.9,79,207.2,No Prazo
VJ-10399,06/03/2026,Dedicada,PR-D108,Motorista_004,Silo Capanema -> Porto de Itaqui (MA) [Arco Norte],2100,48.99,308.06,15091.86,1213.9,1.73,7465.48,180.0,0.0,7645.48,7446.38,3.64,156.06,40.2,3.6,1.7,45.5,67,3253.3,No Prazo
VJ-10400,06/03/2026,Dedicada,PR-D122,Motorista_073,Silo Francisco Beltrão -> Porto de Paranaguá (PR),580,50.22,198.98,9992.78,329.5,1.76,2026.43,340.0,0.0,2366.43,7626.35,4.08,47.12,10.9,3.8,0.2,14.9,62,883.1,No Prazo
VJ-10401,06/03/2026,Dedicada,PR-D160,Motorista_030,Silo Francisco Beltrão -> Porto de Paranaguá (PR),580,49.67,192.53,9562.97,325.8,1.78,2003.67,340.0,0.0,2343.67,7219.3,4.04,47.18,9.9,2.8,7.4,20.1,63,873.1,No Prazo
VJ-10402,06/03/2026,Dedicada,PR-D163,Motorista_095,Silo Francisco Beltrão -> Porto de Paranaguá (PR),580,49.13,183.91,9035.5,316.9,1.83,1948.94,340.0,0.0,2288.94,6746.56,3.95,46.59,9.7,3.4,8.2,21.3,87,849.3,No Prazo
VJ-10403,06/03/2026,Dedicada,PR-D073,Motorista_073,Silo Capanema -> Porto de Itaqui (MA) [Arco Norte],2100,49.04,316.56,15524.1,1250.0,1.68,7687.5,180.0,0.0,7867.5,7656.6,3.75,160.43,37.4,1.4,0.5,39.3,98,3350.0,No Prazo
VJ-10404,06/03/2026,Dedicada,PR-D182,Motorista_079,Silo Francisco Beltrão -> Porto de Paranaguá (PR),580,48.72,192.06,9357.16,316.9,1.83,1948.94,340.0,0.0,2288.94,7068.22,3.95,46.98,9.8,1.8,16.2,27.8,70,849.3,No Prazo
VJ-10405,06/03/2026,Própria,PR-P003,Motorista_077,Silo Francisco Beltrão -> Porto de Paranaguá (PR),580,49.45,200.86,9932.53,290.0,2.0,1783.5,340.0,261.0,2564.5,7368.03,4.42,51.86,9.7,1.8,0.2,11.7,92,777.2,Atrasado (Fila)
VJ-10406,06/03/2026,Dedicada,PR-D123,Motorista_057,Silo Dois Vizinhos -> Terminal Mairinque (SP),620,50.5,207.42,10474.71,344.4,1.8,2118.06,410.0,0.0,2528.06,7946.65,4.08,50.06,10.7,3.4,1.8,15.9,82,923.0,Atrasado (Fila)
VJ-10407,06/03/2026,Dedicada,PR-D078,Motorista_137,Silo Dois Vizinhos -> Terminal Mairinque (SP),620,50.07,200.16,10022.01,335.1,1.85,2060.87,410.0,0.0,2470.87,7551.14,3.99,49.35,10.7,3.5,1.3,15.5,62,898.1,No Prazo
VJ-10408,07/03/2026,Dedicada,PR-D149,Motorista_094,Silo Francisco Beltrão -> Porto de Paranaguá (PR),580,49.69,201.75,10024.96,333.3,1.74,2049.8,340.0,0.0,2389.8,7635.16,4.12,48.09,9.7,3.1,2.2,15.0,97,893.2,No Prazo
VJ-10409,07/03/2026,Dedicada,PR-D142,Motorista_134,Silo Capanema -> Porto de Itaqui (MA) [Arco Norte],2100,50.4,310.55,15651.72,1213.9,1.73,7465.48,180.0,0.0,7645.48,8006.24,3.64,151.7,37.9,3.1,0.0,41.0,96,3253.3,Atrasado (Fila)
VJ-10410,07/03/2026,Dedicada,PR-D170,Motorista_049,Silo Pato Branco -> Indústria Esmagadora (PR),140,49.72,57.34,2850.94,77.3,1.81,475.4,85.0,0.0,560.4,2290.54,4.0,11.27,2.3,3.2,0.5,6.0,60,207.2,No Prazo
VJ-10411,07/03/2026,Dedicada,PR-D028,Motorista_065,Silo Francisco Beltrão -> Porto de Paranaguá (PR),580,48.41,207.75,10057.18,349.4,1.66,2148.81,340.0,0.0,2488.81,7568.37,4.29,51.41,11.0,2.0,4.4,17.4,83,936.4,No Prazo
VJ-10412,07/03/2026,Própria,PR-P019,Motorista_024,Silo Pato Branco -> Indústria Esmagadora (PR),140,48.4,50.7,2453.88,76.1,1.84,468.02,85.0,63.0,796.02,1657.86,5.69,16.45,2.6,3.9,1.6,8.1,98,203.9,No Prazo
VJ-10413,07/03/2026,Dedicada,PR-D103,Motorista_119,Silo Capanema -> Porto de Itaqui (MA) [Arco Norte],2100,50.21,315.37,15834.73,1117.0,1.88,6869.55,180.0,0.0,7049.55,8785.18,3.36,140.4,35.3,2.0,1.3,38.6,64,2993.6,No Prazo
VJ-10414,07/03/2026,Dedicada,PR-D124,Motorista_007,Silo Francisco Beltrão -> Porto de Paranaguá (PR),580,48.63,184.46,8970.29,322.2,1.8,1981.53,340.0,0.0,2321.53,6648.76,4.0,47.74,10.2,0.6,2.8,13.6,80,863.5,No Prazo
VJ-10415,07/03/2026,Dedicada,PR-D094,Motorista_016,Silo Realeza -> Transbordo Ferroviário (PR),280,50.14,99.76,5001.97,160.9,1.74,989.54,160.0,0.0,1149.54,3852.43,4.11,22.93,4.8,2.1,1.1,8.0,79,431.2,No Prazo
VJ-10416,07/03/2026,Própria,PR-P001,Motorista_064,Silo Francisco Beltrão -> Porto de Paranaguá (PR),580,49.0,207.3,10157.7,310.2,1.87,1907.73,340.0,261.0,2688.73,7468.97,4.64,54.87,10.7,3.5,10.3,24.5,75,831.3,No Prazo
VJ-10417,07/03/2026,Dedicada,PR-D077,Motorista_088,Silo Francisco Beltrão -> Porto de Paranaguá (PR),580,49.53,208.4,10322.05,347.3,1.67,2135.9,340.0,0.0,2475.9,7846.15,4.27,49.99,10.4,2.8,8.4,21.6,63,930.8,No Prazo
VJ-10418,07/03/2026,Dedicada,PR-D169,Motorista_119,Silo Pato Branco -> Indústria Esmagadora (PR),140,49.08,45.36,2226.27,77.3,1.81,475.4,85.0,0.0,560.4,1665.87,4.0,11.42,2.5,2.0,1.4,5.9,61,207.2,No Prazo
VJ-10419,07/03/2026,Própria,PR-P040,Motorista_049,Silo Dois Vizinhos -> Terminal Mairinque (SP),620,48.27,205.19,9904.52,311.6,1.99,1916.34,410.0,279.0,2785.34,7119.18,4.49,57.7,11.6,1.9,0.6,14.1,60,835.1,No Prazo
VJ-10420,08/03/2026,Dedicada,PR-D083,Motorista_057,Silo Pato Branco -> Indústria Esmagadora (PR),140,49.72,54.32,2700.79,78.7,1.78,484.01,85.0,0.0,569.01,2131.78,4.06,11.44,2.5,3.0,2.0,7.5,72,210.9,No Prazo
VJ-10421,08/03/2026,Dedicada,PR-D085,Motorista_043,Silo Pato Branco -> Indústria Esmagadora (PR),140,49.73,50.05,2488.99,83.3,1.68,512.29,85.0,0.0,597.29,1891.7,4.27,12.01,2.3,2.1,2.0,6.4,72,223.2,No Prazo
VJ-10422,08/03/2026,Dedicada,PR-D199,Motorista_136,Silo Capanema -> Porto de Itaqui (MA) [Arco Norte],2100,50.41,292.49,14744.42,1123.0,1.87,6906.45,180.0,0.0,7086.45,7657.97,3.37,140.58,38.7,1.5,2.9,43.1,68,3009.6,No Prazo
VJ-10423,08/03/2026,Dedicada,PR-D012,Motorista_140,Silo Francisco Beltrão -> Porto de Paranaguá (PR),580,49.52,184.99,9160.7,341.2,1.7,2098.38,340.0,0.0,2438.38,6722.32,4.2,49.24,10.1,1.7,4.7,16.5,71,914.4,No Prazo
VJ-10424,08/03/2026,Própria,PR-P032,Motorista_062,Silo Pato Branco -> Indústria Esmagadora (PR),140,49.14,58.57,2878.13,75.3,1.86,463.1,85.0,63.0,791.1,2087.03,5.65,16.1,2.6,1.8,2.0,6.4,75,201.8,No Prazo
VJ-10425,08/03/2026,Dedicada,PR-D026,Motorista_088,Silo Realeza -> Transbordo Ferroviário (PR),280,49.07,105.82,5192.59,152.2,1.84,936.03,160.0,0.0,1096.03,4096.56,3.91,22.34,4.7,1.0,1.1,6.8,78,407.9,No Prazo
VJ-10426,08/03/2026,Própria,PR-P042,Motorista_029,Silo Dois Vizinhos -> Terminal Mairinque (SP),620,48.23,198.92,9593.91,324.6,1.91,1996.29,410.0,279.0,2865.29,6728.62,4.62,59.41,11.7,2.3,0.9,14.9,93,869.9,No Prazo
VJ-10427,08/03/2026,Dedicada,PR-D191,Motorista_141,Silo Dois Vizinhos -> Terminal Mairinque (SP),620,48.58,204.41,9930.24,329.8,1.88,2028.27,410.0,0.0,2438.27,7491.97,3.93,50.19,11.8,1.2,0.5,13.5,86,883.9,Atrasado (Manutenção)
VJ-10428,08/03/2026,Dedicada,PR-D121,Motorista_094,Silo Capanema -> Porto de Itaqui (MA) [Arco Norte],2100,49.88,312.04,15564.56,1228.1,1.71,7552.82,180.0,0.0,7732.82,7831.74,3.68,155.03,39.0,2.8,5.1,46.9,60,3291.3,No Prazo
VJ-10429,08/03/2026,Dedicada,PR-D153,Motorista_073,Silo Pato Branco -> Indústria Esmagadora (PR),140,49.93,52.71,2631.81,83.8,1.67,515.37,85.0,0.0,600.37,2031.44,4.29,12.02,2.3,1.0,0.7,4.0,61,224.6,No Prazo
VJ-10430,08/03/2026,Dedicada,PR-D181,Motorista_130,Silo Francisco Beltrão -> Porto de Paranaguá (PR),580,48.71,204.22,9947.56,335.3,1.73,2062.1,340.0,0.0,2402.1,7545.46,4.14,49.31,10.0,3.7,6.7,20.4,91,898.6,No Prazo
VJ-10431,08/03/2026,Dedicada,PR-D073,Motorista_088,Silo Francisco Beltrão -> Porto de Paranaguá (PR),580,50.3,205.58,10340.67,313.5,1.85,1928.02,340.0,0.0,2268.02,8072.65,3.91,45.09,9.6,2.7,3.5,15.8,84,840.2,No Prazo
VJ-10432,09/03/2026,Própria,PR-P019,Motorista_135,Silo Dois Vizinhos -> Terminal Mairinque (SP),620,49.57,208.46,10333.36,340.7,1.82,2095.3,410.0,279.0,2964.3,7369.06,4.78,59.8,11.4,1.6,1.4,14.4,65,913.1,Atrasado (Manutenção)
VJ-10433,09/03/2026,Própria,PR-P020,Motorista_053,Silo Francisco Beltrão -> Porto de Paranaguá (PR),580,49.87,184.49,9200.52,295.9,1.96,1819.78,340.0,261.0,2600.78,6599.74,4.48,52.15,10.1,0.6,1.0,11.7,71,793.0,No Prazo
VJ-10434,09/03/2026,Dedicada,PR-D142,Motorista_058,Silo Realeza -> Transbordo Ferroviário (PR),280,48.65,90.42,4398.93,164.7,1.7,1012.9,160.0,0.0,1172.9,3226.03,4.19,24.11,4.9,2.7,1.3,8.9,91,441.4,No Prazo
VJ-10435,09/03/2026,Dedicada,PR-D052,Motorista_045,Silo Francisco Beltrão -> Porto de Paranaguá (PR),580,49.45,182.51,9025.12,310.2,1.87,1907.73,340.0,0.0,2247.73,6777.39,3.88,45.45,10.5,1.7,2.2,14.4,98,831.3,No Prazo
VJ-10436,09/03/2026,Dedicada,PR-D186,Motorista_030,Silo Francisco Beltrão -> Porto de Paranaguá (PR),580,48.89,194.71,9519.37,322.2,1.8,1981.53,340.0,0.0,2321.53,7197.84,4.0,47.48,10.1,0.5,22.9,33.5,89,863.5,No Prazo
VJ-10437,09/03/2026,Dedicada,PR-D054,Motorista_052,Silo Pato Branco -> Indústria Esmagadora (PR),140,49.85,47.84,2384.82,80.5,1.74,495.08,85.0,0.0,580.08,1804.74,4.14,11.64,2.4,2.2,0.5,5.1,70,215.7,No Prazo
VJ-10438,09/03/2026,Dedicada,PR-D044,Motorista_083,Silo Pato Branco -> Indústria Esmagadora (PR),140,49.09,53.57,2629.75,84.8,1.65,521.52,85.0,0.0,606.52,2023.23,4.33,12.36,2.6,3.8,1.1,7.5,98,227.3,No Prazo
VJ-10439,09/03/2026,Dedicada,PR-D157,Motorista_114,Silo Dois Vizinhos -> Terminal Mairinque (SP),620,49.22,218.95,10776.72,337.0,1.84,2072.55,410.0,0.0,2482.55,8294.17,4.0,50.44,10.7,1.7,0.8,13.2,86,903.2,No Prazo
VJ-10440,09/03/2026,Dedicada,PR-D013,Motorista_034,Silo Francisco Beltrão -> Porto de Paranaguá (PR),580,49.16,184.3,9060.19,327.7,1.77,2015.36,340.0,0.0,2355.36,6704.83,4.06,47.91,10.7,2.7,3.4,16.8,99,878.2,No Prazo
VJ-10441,09/03/2026,Dedicada,PR-D208,Motorista_026,Silo Dois Vizinhos -> Terminal Mairinque (SP),620,48.39,203.07,9826.56,366.9,1.69,2256.44,410.0,0.0,2666.44,7160.12,4.3,55.1,10.1,3.0,1.0,14.1,84,983.3,No Prazo
VJ-10442,09/03/2026,Dedicada,PR-D029,Motorista_149,Silo Dois Vizinhos -> Terminal Mairinque (SP),620,48.65,194.85,9479.45,338.8,1.83,2083.62,410.0,0.0,2493.62,6985.83,4.02,51.26,10.0,3.4,0.6,14.0,73,908.0,No Prazo
VJ-10443,09/03/2026,Dedicada,PR-D086,Motorista_077,Silo Francisco Beltrão -> Porto de Paranaguá (PR),580,49.1,191.83,9418.85,347.3,1.67,2135.9,340.0,0.0,2475.9,6942.95,4.27,50.43,9.7,2.5,3.9,16.1,79,930.8,No Prazo
VJ-10444,10/03/2026,Dedicada,PR-D038,Motorista_013,Silo Francisco Beltrão -> Porto de Paranaguá (PR),580,48.44,199.18,9648.28,324.0,1.79,1992.6,340.0,0.0,2332.6,7315.68,4.02,48.15,10.9,2.0,7.1,20.0,82,868.3,No Prazo
VJ-10445,10/03/2026,Própria,PR-P035,Motorista_017,Silo Pato Branco -> Indústria Esmagadora (PR),140,50.2,49.38,2478.88,74.9,1.87,460.64,85.0,63.0,788.64,1690.24,5.63,15.71,2.3,4.0,1.4,7.7,69,200.7,No Prazo
VJ-10446,10/03/2026,Própria,PR-P021,Motorista_034,Silo Dois Vizinhos -> Terminal Mairinque (SP),620,50.27,199.15,10011.27,319.6,1.94,1965.54,410.0,279.0,2834.54,7176.73,4.57,56.39,10.8,3.3,0.6,14.7,94,856.5,No Prazo
VJ-10447,10/03/2026,Dedicada,PR-D209,Motorista_018,Silo Francisco Beltrão -> Porto de Paranaguá (PR),580,50.17,184.79,9270.91,311.8,1.86,1917.57,340.0,0.0,2257.57,7013.34,3.89,45.0,9.5,1.0,0.0,10.5,89,835.6,Atrasado (Fila)
VJ-10448,10/03/2026,Dedicada,PR-D064,Motorista_138,Silo Francisco Beltrão -> Porto de Paranaguá (PR),580,49.3,194.84,9605.61,315.2,1.84,1938.48,340.0,0.0,2278.48,7327.13,3.93,46.22,9.8,3.5,4.7,18.0,65,844.7,No Prazo
VJ-10449,10/03/2026,Dedicada,PR-D012,Motorista_048,Silo Francisco Beltrão -> Porto de Paranaguá (PR),580,49.74,197.38,9817.68,310.2,1.87,1907.73,340.0,0.0,2247.73,7569.95,3.88,45.19,9.2,2.9,4.2,16.3,86,831.3,No Prazo
VJ-10450,10/03/2026,Própria,PR-P015,Motorista_084,Silo Pato Branco -> Indústria Esmagadora (PR),140,50.41,58.76,2962.09,76.5,1.83,470.48,85.0,63.0,798.48,2163.61,5.7,15.84,2.3,1.6,1.5,5.4,75,205.0,No Prazo
VJ-10451,10/03/2026,Dedicada,PR-D090,Motorista_111,Silo Francisco Beltrão -> Porto de Paranaguá (PR),580,50.14,201.63,10109.73,310.2,1.87,1907.73,340.0,0.0,2247.73,7862.0,3.88,44.83,9.4,4.0,0.6,14.0,76,831.3,No Prazo
VJ-10452,10/03/2026,Dedicada,PR-D042,Motorista_036,Silo Francisco Beltrão -> Porto de Paranaguá (PR),580,48.96,203.04,9940.84,349.4,1.66,2148.81,340.0,0.0,2488.81,7452.03,4.29,50.83,9.9,3.8,0.6,14.3,61,936.4,No Prazo
VJ-10453,10/03/2026,Dedicada,PR-D194,Motorista_001,Silo Francisco Beltrão -> Porto de Paranaguá (PR),580,48.83,208.03,10158.1,337.2,1.72,2073.78,340.0,0.0,2413.78,7744.32,4.16,49.43,10.1,2.4,0.4,12.9,74,903.7,No Prazo
VJ-10454,10/03/2026,Dedicada,PR-D161,Motorista_090,Silo Francisco Beltrão -> Porto de Paranaguá (PR),580,48.54,199.17,9667.71,310.2,1.87,1907.73,340.0,0.0,2247.73,7419.98,3.88,46.31,9.4,3.2,20.4,33.0,96,831.3,No Prazo
VJ-10455,10/03/2026,Própria,PR-P015,Motorista_078,Silo Dois Vizinhos -> Terminal Mairinque (SP),620,49.27,207.18,10207.76,306.9,2.02,1887.44,410.0,279.0,2756.44,7451.32,4.45,55.95,10.9,2.7,2.0,15.6,66,822.5,No Prazo
VJ-10456,11/03/2026,Dedicada,PR-D171,Motorista_020,Silo Pato Branco -> Indústria Esmagadora (PR),140,48.34,56.1,2711.87,80.0,1.75,492.0,85.0,0.0,577.0,2134.87,4.12,11.94,2.5,3.1,2.0,7.6,69,214.4,No Prazo
VJ-10457,11/03/2026,Dedicada,PR-D077,Motorista_089,Silo Francisco Beltrão -> Porto de Paranaguá (PR),580,48.37,198.83,9617.41,318.7,1.82,1960.0,340.0,0.0,2300.0,7317.41,3.97,47.55,9.4,1.2,2.4,13.0,73,854.1,No Prazo
VJ-10458,11/03/2026,Dedicada,PR-D025,Motorista_122,Silo Pato Branco -> Indústria Esmagadora (PR),140,48.62,52.47,2551.09,81.4,1.72,500.61,85.0,0.0,585.61,1965.48,4.18,12.04,2.4,2.5,1.0,5.9,73,218.2,No Prazo
VJ-10459,11/03/2026,Dedicada,PR-D031,Motorista_010,Silo Pato Branco -> Indústria Esmagadora (PR),140,48.95,57.93,2835.67,75.7,1.85,465.56,85.0,0.0,550.56,2285.11,3.93,11.25,2.5,3.2,1.3,7.0,92,202.9,No Prazo
VJ-10460,11/03/2026,Dedicada,PR-D038,Motorista_126,Silo Francisco Beltrão -> Porto de Paranaguá (PR),580,49.07,180.42,8853.21,333.3,1.74,2049.8,340.0,0.0,2389.8,6463.41,4.12,48.7,10.3,3.3,4.1,17.7,65,893.2,No Prazo
VJ-10461,11/03/2026,Dedicada,PR-D133,Motorista_026,Silo Capanema -> Porto de Itaqui (MA) [Arco Norte],2100,48.37,280.18,13552.31,1257.5,1.67,7733.62,180.0,0.0,7913.62,5638.69,3.77,163.61,36.3,1.8,14.9,53.0,97,3370.1,No Prazo
VJ-10462,11/03/2026,Dedicada,PR-D092,Motorista_078,Silo Realeza -> Transbordo Ferroviário (PR),280,50.35,104.05,5238.92,165.7,1.69,1019.06,160.0,0.0,1179.06,4059.86,4.21,23.42,5.3,1.1,1.4,7.8,96,444.1,No Prazo
VJ-10463,11/03/2026,Própria,PR-P033,Motorista_075,Silo Francisco Beltrão -> Porto de Paranaguá (PR),580,49.76,203.63,10132.63,282.9,2.05,1739.84,340.0,261.0,2520.84,7611.79,4.35,50.66,10.1,0.6,11.7,22.4,90,758.2,No Prazo
VJ-10464,11/03/2026,Dedicada,PR-D147,Motorista_094,Silo Pato Branco -> Indústria Esmagadora (PR),140,48.76,51.11,2492.12,81.4,1.72,500.61,85.0,0.0,585.61,1906.51,4.18,12.01,2.3,4.0,1.2,7.5,76,218.2,No Prazo
VJ-10465,11/03/2026,Dedicada,PR-D133,Motorista_004,Silo Pato Branco -> Indústria Esmagadora (PR),140,48.67,46.4,2258.29,81.4,1.72,500.61,85.0,0.0,585.61,1672.68,4.18,12.03,2.3,3.6,1.4,7.3,61,218.2,No Prazo
VJ-10466,11/03/2026,Dedicada,PR-D196,Motorista_126,Silo Capanema -> Porto de Itaqui (MA) [Arco Norte],2100,48.95,291.56,14271.86,1135.1,1.85,6980.86,180.0,0.0,7160.86,7111.0,3.41,146.29,35.5,2.2,5.7,43.4,70,3042.1,No Prazo
VJ-10467,11/03/2026,Dedicada,PR-D160,Motorista_146,Silo Pato Branco -> Indústria Esmagadora (PR),140,49.53,54.37,2692.95,80.9,1.73,497.54,85.0,0.0,582.54,2110.41,4.16,11.76,2.6,3.4,0.8,6.8,80,216.8,No Prazo
VJ-10468,12/03/2026,Própria,PR-P036,Motorista_127,Silo Pato Branco -> Indústria Esmagadora (PR),140,49.06,59.39,2913.67,76.5,1.83,470.48,85.0,63.0,798.48,2115.19,5.7,16.28,2.5,2.3,0.6,5.4,83,205.0,No Prazo
VJ-10469,12/03/2026,Dedicada,PR-D111,Motorista_003,Silo Pato Branco -> Indústria Esmagadora (PR),140,50.43,57.27,2888.13,76.9,1.82,472.94,85.0,0.0,557.94,2330.19,3.99,11.06,2.3,2.1,0.7,5.1,82,206.1,No Prazo
VJ-10470,12/03/2026,Dedicada,PR-D150,Motorista_079,Silo Francisco Beltrão -> Porto de Paranaguá (PR),580,48.98,183.45,8985.38,339.2,1.71,2086.08,340.0,0.0,2426.08,6559.3,4.18,49.53,11.0,2.0,2.8,15.8,86,909.1,No Prazo
VJ-10471,12/03/2026,Dedicada,PR-D166,Motorista_093,Silo Realeza -> Transbordo Ferroviário (PR),280,49.27,107.33,5288.15,152.2,1.84,936.03,160.0,0.0,1096.03,4192.12,3.91,22.25,4.9,2.6,2.0,9.5,79,407.9,No Prazo
VJ-10472,12/03/2026,Dedicada,PR-D093,Motorista_008,Silo Dois Vizinhos -> Terminal Mairinque (SP),620,48.69,202.32,9850.96,348.3,1.78,2142.04,410.0,0.0,2552.04,7298.92,4.12,52.41,9.9,1.0,0.6,11.5,94,933.4,No Prazo
VJ-10473,12/03/2026,Dedicada,PR-D172,Motorista_003,Silo Realeza -> Transbordo Ferroviário (PR),280,50.44,93.38,4710.09,159.1,1.76,978.46,160.0,0.0,1138.46,3571.63,4.07,22.57,4.8,3.1,0.6,8.5,75,426.4,No Prazo
VJ-10474,12/03/2026,Dedicada,PR-D188,Motorista_052,Silo Capanema -> Porto de Itaqui (MA) [Arco Norte],2100,50.3,289.04,14538.71,1166.7,1.8,7175.21,180.0,0.0,7355.21,7183.5,3.5,146.23,35.7,1.5,7.4,44.6,65,3126.8,No Prazo
VJ-10475,12/03/2026,Dedicada,PR-D009,Motorista_072,Silo Francisco Beltrão -> Porto de Paranaguá (PR),580,50.31,203.97,10261.73,313.5,1.85,1928.02,340.0,0.0,2268.02,7993.71,3.91,45.08,10.8,3.9,2.4,17.1,76,840.2,No Prazo
VJ-10476,12/03/2026,Dedicada,PR-D196,Motorista_073,Silo Dois Vizinhos -> Terminal Mairinque (SP),620,48.28,198.07,9562.82,371.3,1.67,2283.5,410.0,0.0,2693.5,6869.32,4.34,55.79,11.8,2.7,1.9,16.4,94,995.1,No Prazo
VJ-10477,12/03/2026,Dedicada,PR-D079,Motorista_037,Silo Pato Branco -> Indústria Esmagadora (PR),140,49.82,57.42,2860.66,80.0,1.75,492.0,85.0,0.0,577.0,2283.66,4.12,11.58,2.3,2.8,0.6,5.7,87,214.4,No Prazo
VJ-10478,12/03/2026,Dedicada,PR-D100,Motorista_018,Silo Francisco Beltrão -> Porto de Paranaguá (PR),580,48.42,180.1,8720.44,337.2,1.72,2073.78,340.0,0.0,2413.78,6306.66,4.16,49.85,9.5,1.1,4.2,14.8,96,903.7,No Prazo
VJ-10479,12/03/2026,Própria,PR-P028,Motorista_078,Silo Francisco Beltrão -> Porto de Paranaguá (PR),580,49.3,182.79,9011.55,285.7,2.03,1757.06,340.0,261.0,2538.06,6473.49,4.38,51.48,10.5,3.9,8.3,22.7,93,765.7,No Prazo
VJ-10480,13/03/2026,Própria,PR-P021,Motorista_069,Silo Francisco Beltrão -> Porto de Paranaguá (PR),580,50.03,198.81,9946.46,297.4,1.95,1829.01,340.0,261.0,2610.01,7336.45,4.5,52.17,9.6,3.5,8.0,21.1,61,797.0,No Prazo
VJ-10481,13/03/2026,Dedicada,PR-D073,Motorista_026,Silo Capanema -> Porto de Itaqui (MA) [Arco Norte],2100,48.69,319.91,15576.42,1160.2,1.81,7135.23,180.0,0.0,7315.23,8261.19,3.48,150.24,37.7,2.1,8.3,48.1,81,3109.3,No Prazo
VJ-10482,13/03/2026,Dedicada,PR-D132,Motorista_114,Silo Francisco Beltrão -> Porto de Paranaguá (PR),580,48.57,186.36,9051.51,341.2,1.7,2098.38,340.0,0.0,2438.38,6613.13,4.2,50.2,9.9,3.0,4.7,17.6,78,914.4,No Prazo
VJ-10483,13/03/2026,Própria,PR-P023,Motorista_111,Silo Pato Branco -> Indústria Esmagadora (PR),140,48.53,52.32,2539.09,70.4,1.99,432.96,85.0,63.0,760.96,1778.13,5.44,15.68,2.5,0.9,0.6,4.0,70,188.7,No Prazo
VJ-10484,13/03/2026,Própria,PR-P031,Motorista_134,Silo Francisco Beltrão -> Porto de Paranaguá (PR),580,49.18,209.77,10316.49,306.9,1.89,1887.44,340.0,261.0,2668.44,7648.05,4.6,54.26,10.9,2.8,29.2,42.9,76,822.5,No Prazo
VJ-10485,13/03/2026,Dedicada,PR-D134,Motorista_126,Silo Capanema -> Porto de Itaqui (MA) [Arco Norte],2100,48.61,314.54,15289.79,1200.0,1.75,7380.0,180.0,0.0,7560.0,7729.79,3.6,155.52,33.6,0.7,2.6,36.9,93,3216.0,No Prazo
VJ-10486,13/03/2026,Dedicada,PR-D044,Motorista_080,Silo Dois Vizinhos -> Terminal Mairinque (SP),620,50.36,200.34,10089.12,333.3,1.86,2049.8,410.0,0.0,2459.8,7629.32,3.97,48.84,11.7,2.0,1.2,14.9,70,893.2,Atrasado (Fila)
VJ-10487,13/03/2026,Dedicada,PR-D108,Motorista_083,Silo Francisco Beltrão -> Porto de Paranaguá (PR),580,48.78,203.59,9931.12,313.5,1.85,1928.02,340.0,0.0,2268.02,7663.1,3.91,46.49,9.6,3.3,14.3,27.2,93,840.2,No Prazo
VJ-10488,13/03/2026,Dedicada,PR-D137,Motorista_038,Silo Capanema -> Porto de Itaqui (MA) [Arco Norte],2100,49.04,303.83,14899.82,1250.0,1.68,7687.5,180.0,0.0,7867.5,7032.32,3.75,160.43,33.6,2.4,5.6,41.6,95,3350.0,No Prazo
VJ-10489,13/03/2026,Dedicada,PR-D127,Motorista_021,Silo Pato Branco -> Indústria Esmagadora (PR),140,48.61,52.45,2549.59,79.1,1.77,486.46,85.0,0.0,571.46,1978.13,4.08,11.76,2.4,2.0,0.7,5.1,74,212.0,No Prazo
VJ-10490,13/03/2026,Dedicada,PR-D085,Motorista_065,Silo Francisco Beltrão -> Porto de Paranaguá (PR),580,50.04,209.62,10489.38,345.2,1.68,2122.98,340.0,0.0,2462.98,8026.4,4.25,49.22,9.3,3.2,2.3,14.8,77,925.1,No Prazo
VJ-10491,13/03/2026,Dedicada,PR-D040,Motorista_092,Silo Francisco Beltrão -> Porto de Paranaguá (PR),580,48.41,204.52,9900.81,347.3,1.67,2135.9,340.0,0.0,2475.9,7424.91,4.27,51.14,10.3,4.0,6.1,20.4,72,930.8,No Prazo
VJ-10492,14/03/2026,Dedicada,PR-D085,Motorista_068,Silo Francisco Beltrão -> Porto de Paranaguá (PR),580,48.91,199.11,9738.47,333.3,1.74,2049.8,340.0,0.0,2389.8,7348.67,4.12,48.86,10.9,0.5,4.6,16.0,72,893.2,No Prazo
VJ-10493,14/03/2026,Dedicada,PR-D134,Motorista_043,Silo Francisco Beltrão -> Porto de Paranaguá (PR),580,49.6,181.93,9023.73,322.2,1.8,1981.53,340.0,0.0,2321.53,6702.2,4.0,46.81,10.8,2.9,9.4,23.1,87,863.5,No Prazo
VJ-10494,14/03/2026,Dedicada,PR-D009,Motorista_026,Silo Dois Vizinhos -> Terminal Mairinque (SP),620,48.6,191.18,9291.35,352.3,1.76,2166.64,410.0,0.0,2576.64,6714.71,4.16,53.02,10.6,3.9,0.6,15.1,88,944.2,No Prazo
VJ-10495,14/03/2026,Dedicada,PR-D010,Motorista_136,Silo Pato Branco -> Indústria Esmagadora (PR),140,50.23,58.83,2955.03,82.4,1.7,506.76,85.0,0.0,591.76,2363.27,4.23,11.78,2.4,1.7,1.4,5.5,92,220.8,No Prazo
VJ-10496,14/03/2026,Dedicada,PR-D063,Motorista_092,Silo Capanema -> Porto de Itaqui (MA) [Arco Norte],2100,50.01,284.4,14222.84,1173.2,1.79,7215.18,180.0,0.0,7395.18,6827.66,3.52,147.87,34.1,3.8,0.8,38.7,78,3144.2,Atrasado (Manutenção)
VJ-10497,14/03/2026,Própria,PR-P003,Motorista_070,Silo Realeza -> Transbordo Ferroviário (PR),280,48.06,106.06,5097.24,140.0,2.0,861.0,160.0,126.0,1327.0,3770.24,4.74,27.61,5.2,1.2,1.5,7.9,60,375.2,No Prazo
VJ-10498,14/03/2026,Dedicada,PR-D099,Motorista_096,Silo Realeza -> Transbordo Ferroviário (PR),280,48.06,108.2,5200.09,153.0,1.83,940.95,160.0,0.0,1100.95,4099.14,3.93,22.91,5.2,3.2,0.6,9.0,66,410.0,No Prazo
VJ-10499,14/03/2026,Dedicada,PR-D116,Motorista_083,Silo Realeza -> Transbordo Ferroviário (PR),280,48.9,98.42,4812.74,154.7,1.81,951.4,160.0,0.0,1111.4,3701.34,3.97,22.73,5.2,2.8,1.0,9.0,99,414.6,No Prazo
VJ-10500,14/03/2026,Dedicada,PR-D115,Motorista_136,Silo Francisco Beltrão -> Porto de Paranaguá (PR),580,49.81,201.51,10037.21,347.3,1.67,2135.9,340.0,0.0,2475.9,7561.31,4.27,49.71,10.7,3.0,4.0,17.7,74,930.8,No Prazo
VJ-10501,14/03/2026,Dedicada,PR-D142,Motorista_054,Silo Dois Vizinhos -> Terminal Mairinque (SP),620,49.51,193.78,9594.05,375.8,1.65,2311.17,410.0,0.0,2721.17,6872.88,4.39,54.96,11.0,3.6,1.5,16.1,99,1007.1,No Prazo
VJ-10502,14/03/2026,Dedicada,PR-D090,Motorista_065,Silo Capanema -> Porto de Itaqui (MA) [Arco Norte],2100,49.21,295.52,14542.54,1147.5,1.83,7057.12,180.0,0.0,7237.12,7305.42,3.45,147.07,38.6,1.6,13.8,54.0,66,3075.3,No Prazo
VJ-10503,14/03/2026,Dedicada,PR-D036,Motorista_026,Silo Francisco Beltrão -> Porto de Paranaguá (PR),580,49.63,195.95,9725.0,327.7,1.77,2015.36,340.0,0.0,2355.36,7369.64,4.06,47.46,9.8,2.7,7.8,20.3,97,878.2,No Prazo
VJ-10504,15/03/2026,Dedicada,PR-D137,Motorista_100,Silo Pato Branco -> Indústria Esmagadora (PR),140,50.16,46.63,2338.96,77.8,1.8,478.47,85.0,0.0,563.47,1775.49,4.02,11.23,2.5,3.2,1.3,7.0,90,208.5,No Prazo
VJ-10505,15/03/2026,Própria,PR-P021,Motorista_010,Silo Pato Branco -> Indústria Esmagadora (PR),140,50.38,57.67,2905.41,74.5,1.88,458.18,85.0,63.0,786.18,2119.23,5.62,15.61,2.3,0.6,0.5,3.4,89,199.7,Atrasado (Fila)
VJ-10506,15/03/2026,Dedicada,PR-D106,Motorista_099,Silo Francisco Beltrão -> Porto de Paranaguá (PR),580,50.01,207.3,10367.07,310.2,1.87,1907.73,340.0,0.0,2247.73,8119.34,3.88,44.95,9.6,1.9,6.9,18.4,95,831.3,Atrasado (Fila)
VJ-10507,15/03/2026,Dedicada,PR-D046,Motorista_141,Silo Dois Vizinhos -> Terminal Mairinque (SP),620,50.18,202.72,10172.49,362.6,1.71,2229.99,410.0,0.0,2639.99,7532.5,4.26,52.61,11.6,2.7,0.9,15.2,94,971.8,No Prazo
VJ-10508,15/03/2026,Dedicada,PR-D015,Motorista_021,Silo Realeza -> Transbordo Ferroviário (PR),280,50.07,108.34,5424.58,159.1,1.76,978.46,160.0,0.0,1138.46,4286.12,4.07,22.74,5.2,1.8,0.5,7.5,98,426.4,No Prazo
VJ-10509,15/03/2026,Dedicada,PR-D087,Motorista_036,Silo Francisco Beltrão -> Porto de Paranaguá (PR),580,48.09,202.61,9743.51,311.8,1.86,1917.57,340.0,0.0,2257.57,7485.94,3.89,46.94,9.8,1.9,0.8,12.5,84,835.6,No Prazo
VJ-10510,15/03/2026,Dedicada,PR-D158,Motorista_031,Silo Francisco Beltrão -> Porto de Paranaguá (PR),580,50.45,209.05,10546.57,337.2,1.72,2073.78,340.0,0.0,2413.78,8132.79,4.16,47.84,10.6,3.0,1.9,15.5,60,903.7,No Prazo
VJ-10511,15/03/2026,Dedicada,PR-D182,Motorista_138,Silo Francisco Beltrão -> Porto de Paranaguá (PR),580,50.17,203.8,10224.65,339.2,1.71,2086.08,340.0,0.0,2426.08,7798.57,4.18,48.36,10.5,3.3,4.5,18.3,61,909.1,No Prazo
VJ-10512,15/03/2026,Dedicada,PR-D144,Motorista_038,Silo Francisco Beltrão -> Porto de Paranaguá (PR),580,48.17,208.62,10049.23,341.2,1.7,2098.38,340.0,0.0,2438.38,7610.85,4.2,50.62,9.4,3.6,10.2,23.2,67,914.4,No Prazo
VJ-10513,15/03/2026,Dedicada,PR-D200,Motorista_036,Silo Pato Branco -> Indústria Esmagadora (PR),140,50.03,57.0,2851.71,75.3,1.86,463.1,85.0,0.0,548.1,2303.61,3.92,10.96,2.5,1.2,1.1,4.8,66,201.8,No Prazo
VJ-10514,15/03/2026,Dedicada,PR-D088,Motorista_084,Silo Pato Branco -> Indústria Esmagadora (PR),140,50.08,55.75,2791.96,82.4,1.7,506.76,85.0,0.0,591.76,2200.2,4.23,11.82,2.6,2.3,1.1,6.0,62,220.8,No Prazo
VJ-10515,15/03/2026,Dedicada,PR-D068,Motorista_043,Silo Pato Branco -> Indústria Esmagadora (PR),140,49.36,54.8,2704.93,79.5,1.76,488.92,85.0,0.0,573.92,2131.01,4.1,11.63,2.2,1.7,0.9,4.8,79,213.1,No Prazo
VJ-10516,16/03/2026,Própria,PR-P015,Motorista_104,Silo Dois Vizinhos -> Terminal Mairinque (SP),620,48.19,201.97,9732.93,326.3,1.9,2006.74,410.0,279.0,2875.74,6857.19,4.64,59.68,11.4,3.9,1.0,16.3,98,874.5,No Prazo
VJ-10517,16/03/2026,Dedicada,PR-D031,Motorista_028,Silo Pato Branco -> Indústria Esmagadora (PR),140,48.24,55.31,2668.15,74.9,1.87,460.64,85.0,0.0,545.64,2122.51,3.9,11.31,2.5,1.6,1.3,5.4,82,200.7,No Prazo
VJ-10518,16/03/2026,Dedicada,PR-D147,Motorista_080,Silo Pato Branco -> Indústria Esmagadora (PR),140,48.52,45.2,2193.1,82.4,1.7,506.76,85.0,0.0,591.76,1601.34,4.23,12.2,2.3,0.8,1.2,4.3,60,220.8,No Prazo
VJ-10519,16/03/2026,Dedicada,PR-D139,Motorista_021,Silo Dois Vizinhos -> Terminal Mairinque (SP),620,48.54,191.53,9296.87,364.7,1.7,2242.91,410.0,0.0,2652.91,6643.96,4.28,54.65,11.2,1.2,0.6,13.0,74,977.4,No Prazo
VJ-10520,16/03/2026,Dedicada,PR-D020,Motorista_133,Silo Dois Vizinhos -> Terminal Mairinque (SP),620,48.58,214.17,10404.38,346.4,1.79,2130.36,410.0,0.0,2540.36,7864.02,4.1,52.29,11.4,1.3,0.7,13.4,89,928.4,Atrasado (Fila)
VJ-10521,16/03/2026,Dedicada,PR-D174,Motorista_096,Silo Francisco Beltrão -> Porto de Paranaguá (PR),580,49.65,199.92,9926.03,318.7,1.82,1960.0,340.0,0.0,2300.0,7626.03,3.97,46.32,10.1,0.7,5.1,15.9,78,854.1,No Prazo
VJ-10522,16/03/2026,Dedicada,PR-D188,Motorista_007,Silo Realeza -> Transbordo Ferroviário (PR),280,48.05,104.52,5022.19,164.7,1.7,1012.9,160.0,0.0,1172.9,3849.29,4.19,24.41,4.6,0.5,0.9,6.0,74,441.4,No Prazo
VJ-10523,16/03/2026,Dedicada,PR-D099,Motorista_126,Silo Realeza -> Transbordo Ferroviário (PR),280,48.03,98.55,4733.36,164.7,1.7,1012.9,160.0,0.0,1172.9,3560.46,4.19,24.42,4.6,0.9,1.2,6.7,69,441.4,No Prazo
VJ-10524,16/03/2026,Própria,PR-P013,Motorista_019,Silo Francisco Beltrão -> Porto de Paranaguá (PR),580,50.0,198.39,9919.5,300.5,1.93,1848.08,340.0,261.0,2629.08,7290.42,4.53,52.58,9.5,1.9,0.8,12.2,98,805.3,No Prazo
VJ-10525,16/03/2026,Dedicada,PR-D158,Motorista_131,Silo Pato Branco -> Indústria Esmagadora (PR),140,49.59,53.27,2641.66,75.3,1.86,463.1,85.0,0.0,548.1,2093.56,3.92,11.05,2.7,3.4,1.9,8.0,90,201.8,No Prazo
VJ-10526,16/03/2026,Dedicada,PR-D112,Motorista_140,Silo Francisco Beltrão -> Porto de Paranaguá (PR),580,49.46,185.08,9154.06,343.2,1.69,2110.68,340.0,0.0,2450.68,6703.38,4.23,49.55,10.6,4.0,16.5,31.1,91,919.8,No Prazo
VJ-10527,16/03/2026,Dedicada,PR-D121,Motorista_120,Silo Dois Vizinhos -> Terminal Mairinque (SP),620,48.69,196.13,9549.57,358.4,1.73,2204.16,410.0,0.0,2614.16,6935.41,4.22,53.69,10.7,3.6,1.4,15.7,91,960.5,No Prazo
VJ-10528,17/03/2026,Dedicada,PR-D026,Motorista_094,Silo Francisco Beltrão -> Porto de Paranaguá (PR),580,48.64,201.07,9780.04,339.2,1.71,2086.08,340.0,0.0,2426.08,7353.96,4.18,49.88,9.7,2.7,9.9,22.3,64,909.1,No Prazo
VJ-10529,17/03/2026,Dedicada,PR-D194,Motorista_077,Silo Francisco Beltrão -> Porto de Paranaguá (PR),580,48.81,193.31,9435.46,324.0,1.79,1992.6,340.0,0.0,2332.6,7102.86,4.02,47.79,9.7,3.4,0.1,13.2,84,868.3,No Prazo
VJ-10530,17/03/2026,Dedicada,PR-D123,Motorista_102,Silo Francisco Beltrão -> Porto de Paranaguá (PR),580,49.63,209.06,10375.65,345.2,1.68,2122.98,340.0,0.0,2462.98,7912.67,4.25,49.63,9.8,2.5,13.6,25.9,81,925.1,No Prazo
VJ-10531,17/03/2026,Dedicada,PR-D073,Motorista_037,Silo Dois Vizinhos -> Terminal Mairinque (SP),620,49.83,193.28,9631.14,366.9,1.69,2256.44,410.0,0.0,2666.44,6964.7,4.3,53.51,11.0,3.3,1.7,16.0,91,983.3,No Prazo
VJ-10532,17/03/2026,Própria,PR-P036,Motorista_134,Silo Francisco Beltrão -> Porto de Paranaguá (PR),580,48.58,190.48,9253.52,300.5,1.93,1848.08,340.0,261.0,2629.08,6624.44,4.53,54.12,10.1,0.9,2.7,13.7,81,805.3,No Prazo
VJ-10533,17/03/2026,Dedicada,PR-D185,Motorista_033,Silo Dois Vizinhos -> Terminal Mairinque (SP),620,48.74,200.43,9768.96,371.3,1.67,2283.5,410.0,0.0,2693.5,7075.46,4.34,55.26,10.4,3.8,0.5,14.7,91,995.1,No Prazo
VJ-10534,17/03/2026,Dedicada,PR-D148,Motorista_148,Silo Dois Vizinhos -> Terminal Mairinque (SP),620,49.32,205.16,10118.49,356.3,1.74,2191.25,410.0,0.0,2601.25,7517.24,4.2,52.74,9.9,2.9,0.6,13.4,78,954.9,No Prazo
VJ-10535,17/03/2026,Dedicada,PR-D205,Motorista_026,Silo Dois Vizinhos -> Terminal Mairinque (SP),620,49.07,206.45,10130.5,342.5,1.81,2106.38,410.0,0.0,2516.38,7614.12,4.06,51.28,10.2,3.8,1.0,15.0,93,917.9,No Prazo
VJ-10536,17/03/2026,Dedicada,PR-D075,Motorista_006,Silo Francisco Beltrão -> Porto de Paranaguá (PR),580,48.16,203.58,9804.41,349.4,1.66,2148.81,340.0,0.0,2488.81,7315.6,4.29,51.68,10.6,2.0,2.3,14.9,69,936.4,Atrasado (Fila)
VJ-10537,17/03/2026,Dedicada,PR-D141,Motorista_070,Silo Pato Branco -> Indústria Esmagadora (PR),140,49.03,58.94,2889.83,74.5,1.88,458.18,85.0,0.0,543.18,2346.65,3.88,11.08,2.5,1.7,1.0,5.2,79,199.7,No Prazo
VJ-10538,17/03/2026,Dedicada,PR-D206,Motorista_026,Silo Francisco Beltrão -> Porto de Paranaguá (PR),580,50.31,208.73,10501.21,349.4,1.66,2148.81,340.0,0.0,2488.81,8012.4,4.29,49.47,10.2,2.2,2.9,15.3,86,936.4,No Prazo
VJ-10539,17/03/2026,Dedicada,PR-D010,Motorista_061,Silo Pato Branco -> Indústria Esmagadora (PR),140,49.98,58.14,2905.84,82.8,1.69,509.22,85.0,0.0,594.22,2311.62,4.24,11.89,2.6,4.0,1.6,8.2,86,221.9,No Prazo
VJ-10540,18/03/2026,Dedicada,PR-D135,Motorista_045,Silo Realeza -> Transbordo Ferroviário (PR),280,49.04,93.78,4598.97,151.4,1.85,931.11,160.0,0.0,1091.11,3507.86,3.9,22.25,5.3,1.6,2.0,8.9,67,405.8,No Prazo
VJ-10541,18/03/2026,Dedicada,PR-D128,Motorista_079,Silo Pato Branco -> Indústria Esmagadora (PR),140,48.6,57.52,2795.47,77.3,1.81,475.4,85.0,0.0,560.4,2235.07,4.0,11.53,2.7,2.7,1.0,6.4,62,207.2,No Prazo
VJ-10542,18/03/2026,Dedicada,PR-D120,Motorista_069,Silo Dois Vizinhos -> Terminal Mairinque (SP),620,50.18,204.23,10248.26,337.0,1.84,2072.55,410.0,0.0,2482.55,7765.71,4.0,49.47,11.1,3.6,1.6,16.3,74,903.2,No Prazo
VJ-10543,18/03/2026,Dedicada,PR-D087,Motorista_147,Silo Francisco Beltrão -> Porto de Paranaguá (PR),580,48.37,184.24,8911.69,343.2,1.69,2110.68,340.0,0.0,2450.68,6461.01,4.23,50.67,10.5,3.9,2.1,16.5,87,919.8,Atrasado (Fila)
VJ-10544,18/03/2026,Dedicada,PR-D091,Motorista_024,Silo Capanema -> Porto de Itaqui (MA) [Arco Norte],2100,49.24,298.45,14695.68,1193.2,1.76,7338.18,180.0,0.0,7518.18,7177.5,3.58,152.68,38.5,2.9,1.5,42.9,64,3197.8,No Prazo
VJ-10545,18/03/2026,Dedicada,PR-D077,Motorista_092,Silo Dois Vizinhos -> Terminal Mairinque (SP),620,50.02,216.55,10831.83,333.3,1.86,2049.8,410.0,0.0,2459.8,8372.03,3.97,49.18,10.0,1.8,1.1,12.9,73,893.2,No Prazo
VJ-10546,18/03/2026,Dedicada,PR-D123,Motorista_102,Silo Francisco Beltrão -> Porto de Paranaguá (PR),580,48.88,190.55,9314.08,327.7,1.77,2015.36,340.0,0.0,2355.36,6958.72,4.06,48.19,9.4,2.0,1.0,12.4,65,878.2,Atrasado (Fila)
VJ-10547,18/03/2026,Própria,PR-P015,Motorista_093,Silo Francisco Beltrão -> Porto de Paranaguá (PR),580,50.2,207.93,10438.09,285.7,2.03,1757.06,340.0,261.0,2538.06,7900.03,4.38,50.56,11.0,1.4,29.1,41.5,61,765.7,No Prazo
VJ-10548,18/03/2026,Própria,PR-P027,Motorista_009,Silo Pato Branco -> Indústria Esmagadora (PR),140,48.42,52.55,2544.47,76.9,1.82,472.94,85.0,63.0,800.94,1743.53,5.72,16.54,2.6,3.2,1.5,7.3,89,206.1,No Prazo
VJ-10549,18/03/2026,Dedicada,PR-D077,Motorista_144,Silo Francisco Beltrão -> Porto de Paranaguá (PR),580,49.14,205.2,10083.53,331.4,1.75,2038.11,340.0,0.0,2378.11,7705.42,4.1,48.39,10.7,3.3,6.2,20.2,96,888.2,No Prazo
VJ-10550,18/03/2026,Dedicada,PR-D204,Motorista_063,Silo Francisco Beltrão -> Porto de Paranaguá (PR),580,48.74,199.09,9703.65,333.3,1.74,2049.8,340.0,0.0,2389.8,7313.85,4.12,49.03,10.6,2.4,9.3,22.3,64,893.2,No Prazo
VJ-10551,18/03/2026,Dedicada,PR-D039,Motorista_075,Silo Francisco Beltrão -> Porto de Paranaguá (PR),580,50.31,189.53,9535.25,333.3,1.74,2049.8,340.0,0.0,2389.8,7145.45,4.12,47.5,11.0,1.3,11.7,24.0,73,893.2,No Prazo
VJ-10552,19/03/2026,Dedicada,PR-D156,Motorista_040,Silo Dois Vizinhos -> Terminal Mairinque (SP),620,49.23,205.11,10097.57,375.8,1.65,2311.17,410.0,0.0,2721.17,7376.4,4.39,55.27,11.2,1.0,1.1,13.3,93,1007.1,No Prazo
VJ-10553,19/03/2026,Dedicada,PR-D004,Motorista_076,Silo Francisco Beltrão -> Porto de Paranaguá (PR),580,49.08,187.1,9182.87,337.2,1.72,2073.78,340.0,0.0,2413.78,6769.09,4.16,49.18,10.9,2.1,3.0,16.0,91,903.7,No Prazo
VJ-10554,19/03/2026,Dedicada,PR-D129,Motorista_060,Silo Pato Branco -> Indústria Esmagadora (PR),140,49.34,48.49,2392.5,80.9,1.73,497.54,85.0,0.0,582.54,1809.96,4.16,11.81,2.5,3.0,1.5,7.0,98,216.8,No Prazo
VJ-10555,19/03/2026,Dedicada,PR-D207,Motorista_109,Silo Realeza -> Transbordo Ferroviário (PR),280,48.34,96.29,4654.66,154.7,1.81,951.4,160.0,0.0,1111.4,3543.26,3.97,22.99,5.3,2.7,0.5,8.5,89,414.6,No Prazo
VJ-10556,19/03/2026,Dedicada,PR-D031,Motorista_149,Silo Realeza -> Transbordo Ferroviário (PR),280,48.09,100.35,4825.83,153.0,1.83,940.95,160.0,0.0,1100.95,3724.88,3.93,22.89,4.6,2.9,0.7,8.2,89,410.0,No Prazo
VJ-10557,19/03/2026,Dedicada,PR-D135,Motorista_116,Silo Francisco Beltrão -> Porto de Paranaguá (PR),580,50.21,181.48,9112.11,345.2,1.68,2122.98,340.0,0.0,2462.98,6649.13,4.25,49.05,10.8,1.5,4.5,16.8,60,925.1,No Prazo
VJ-10558,19/03/2026,Dedicada,PR-D140,Motorista_017,Silo Dois Vizinhos -> Terminal Mairinque (SP),620,50.14,206.46,10351.9,342.5,1.81,2106.38,410.0,0.0,2516.38,7835.52,4.06,50.19,10.9,2.5,0.8,14.2,80,917.9,No Prazo
VJ-10559,19/03/2026,Dedicada,PR-D050,Motorista_053,Silo Francisco Beltrão -> Porto de Paranaguá (PR),580,48.21,196.39,9467.96,327.7,1.77,2015.36,340.0,0.0,2355.36,7112.6,4.06,48.86,11.0,0.7,2.7,14.4,91,878.2,Atrasado (Fila)
VJ-10560,19/03/2026,Própria,PR-P004,Motorista_082,Silo Dois Vizinhos -> Terminal Mairinque (SP),620,49.08,203.58,9991.71,333.3,1.86,2049.8,410.0,279.0,2918.8,7072.91,4.71,59.47,10.4,2.1,1.5,14.0,73,893.2,No Prazo
VJ-10561,19/03/2026,Dedicada,PR-D182,Motorista_120,Silo Francisco Beltrão -> Porto de Paranaguá (PR),580,49.48,198.07,9800.5,343.2,1.69,2110.68,340.0,0.0,2450.68,7349.82,4.23,49.53,10.7,3.0,1.2,14.9,90,919.8,Atrasado (Manutenção)
VJ-10562,19/03/2026,Dedicada,PR-D182,Motorista_003,Silo Dois Vizinhos -> Terminal Mairinque (SP),620,49.51,205.61,10179.75,350.3,1.77,2154.35,410.0,0.0,2564.35,7615.4,4.14,51.79,10.2,2.8,1.3,14.3,60,938.8,No Prazo
VJ-10563,19/03/2026,Dedicada,PR-D197,Motorista_070,Silo Dois Vizinhos -> Terminal Mairinque (SP),620,48.97,210.83,10324.35,346.4,1.79,2130.36,410.0,0.0,2540.36,7783.99,4.1,51.88,11.2,1.1,0.8,13.1,70,928.4,No Prazo
VJ-10564,20/03/2026,Própria,PR-P018,Motorista_044,Silo Francisco Beltrão -> Porto de Paranaguá (PR),580,48.12,189.27,9107.67,294.4,1.97,1810.56,340.0,261.0,2591.56,6516.11,4.47,53.86,9.9,2.8,2.6,15.3,69,789.0,No Prazo
VJ-10565,20/03/2026,Dedicada,PR-D157,Motorista_001,Silo Capanema -> Porto de Itaqui (MA) [Arco Norte],2100,48.05,290.61,13963.81,1153.8,1.82,7095.87,180.0,0.0,7275.87,6687.94,3.46,151.42,35.6,1.7,1.8,39.1,85,3092.2,No Prazo
VJ-10566,20/03/2026,Dedicada,PR-D186,Motorista_042,Silo Francisco Beltrão -> Porto de Paranaguá (PR),580,49.06,206.76,10143.65,315.2,1.84,1938.48,340.0,0.0,2278.48,7865.17,3.93,46.44,9.7,3.4,11.6,24.7,77,844.7,No Prazo
VJ-10567,20/03/2026,Dedicada,PR-D079,Motorista_007,Silo Realeza -> Transbordo Ferroviário (PR),280,48.21,90.86,4380.36,154.7,1.81,951.4,160.0,0.0,1111.4,3268.96,3.97,23.05,4.7,4.0,1.5,10.2,80,414.6,No Prazo
VJ-10568,20/03/2026,Dedicada,PR-D056,Motorista_096,Silo Francisco Beltrão -> Porto de Paranaguá (PR),580,50.07,208.48,10438.59,337.2,1.72,2073.78,340.0,0.0,2413.78,8024.81,4.16,48.21,10.2,0.9,6.0,17.1,65,903.7,No Prazo
VJ-10569,20/03/2026,Própria,PR-P037,Motorista_005,Silo Dois Vizinhos -> Terminal Mairinque (SP),620,49.02,191.82,9403.02,326.3,1.9,2006.74,410.0,279.0,2875.74,6527.28,4.64,58.66,10.9,0.8,1.7,13.4,93,874.5,No Prazo
VJ-10570,20/03/2026,Dedicada,PR-D039,Motorista_128,Silo Capanema -> Porto de Itaqui (MA) [Arco Norte],2100,48.8,304.33,14851.3,1117.0,1.88,6869.55,180.0,0.0,7049.55,7801.75,3.36,144.46,34.9,2.6,16.7,54.2,77,2993.6,No Prazo
VJ-10571,20/03/2026,Própria,PR-P004,Motorista_132,Silo Pato Branco -> Indústria Esmagadora (PR),140,50.28,54.94,2762.38,76.1,1.84,468.02,85.0,63.0,796.02,1966.36,5.69,15.83,2.6,2.2,0.6,5.4,88,203.9,No Prazo
VJ-10572,20/03/2026,Dedicada,PR-D077,Motorista_106,Silo Pato Branco -> Indústria Esmagadora (PR),140,49.13,59.6,2928.15,76.5,1.83,470.48,85.0,0.0,555.48,2372.67,3.97,11.31,2.5,2.1,1.7,6.3,96,205.0,No Prazo
VJ-10573,20/03/2026,Dedicada,PR-D161,Motorista_029,Silo Capanema -> Porto de Itaqui (MA) [Arco Norte],2100,48.52,304.77,14787.44,1242.6,1.69,7641.99,180.0,0.0,7821.99,6965.45,3.72,161.21,37.6,3.6,0.1,41.3,61,3330.2,No Prazo
VJ-10574,20/03/2026,Dedicada,PR-D138,Motorista_143,Silo Francisco Beltrão -> Porto de Paranaguá (PR),580,49.89,202.23,10089.25,337.2,1.72,2073.78,340.0,0.0,2413.78,7675.47,4.16,48.38,11.0,1.5,22.9,35.4,71,903.7,No Prazo
VJ-10575,20/03/2026,Dedicada,PR-D070,Motorista_036,Silo Dois Vizinhos -> Terminal Mairinque (SP),620,48.78,212.06,10344.29,344.4,1.8,2118.06,410.0,0.0,2528.06,7816.23,4.08,51.83,11.6,3.2,1.1,15.9,86,923.0,No Prazo
VJ-10576,21/03/2026,Dedicada,PR-D011,Motorista_101,Silo Francisco Beltrão -> Porto de Paranaguá (PR),580,49.32,207.47,10232.42,318.7,1.82,1960.0,340.0,0.0,2300.0,7932.42,3.97,46.63,9.6,1.2,7.7,18.5,88,854.1,No Prazo
VJ-10577,21/03/2026,Dedicada,PR-D118,Motorista_106,Silo Pato Branco -> Indústria Esmagadora (PR),140,48.79,54.84,2675.64,80.5,1.74,495.08,85.0,0.0,580.08,2095.56,4.14,11.89,2.7,4.0,0.9,7.6,61,215.7,No Prazo
VJ-10578,21/03/2026,Dedicada,PR-D104,Motorista_076,Silo Francisco Beltrão -> Porto de Paranaguá (PR),580,49.66,191.04,9487.05,320.4,1.81,1970.46,340.0,0.0,2310.46,7176.59,3.98,46.53,9.5,1.5,10.6,21.6,92,858.7,No Prazo
VJ-10579,21/03/2026,Dedicada,PR-D063,Motorista_045,Silo Capanema -> Porto de Itaqui (MA) [Arco Norte],2100,48.77,280.15,13662.92,1141.3,1.84,7019.0,180.0,0.0,7199.0,6463.92,3.43,147.61,35.0,2.9,21.8,59.7,77,3058.7,No Prazo
VJ-10580,21/03/2026,Dedicada,PR-D184,Motorista_053,Silo Francisco Beltrão -> Porto de Paranaguá (PR),580,48.5,197.92,9599.12,313.5,1.85,1928.02,340.0,0.0,2268.02,7331.1,3.91,46.76,9.7,2.3,2.0,14.0,66,840.2,No Prazo
VJ-10581,21/03/2026,Dedicada,PR-D017,Motorista_111,Silo Francisco Beltrão -> Porto de Paranaguá (PR),580,50.1,180.86,9061.09,331.4,1.75,2038.11,340.0,0.0,2378.11,6682.98,4.1,47.47,10.2,1.0,5.1,16.3,89,888.2,No Prazo
VJ-10582,21/03/2026,Dedicada,PR-D142,Motorista_122,Silo Francisco Beltrão -> Porto de Paranaguá (PR),580,50.49,195.17,9854.13,325.8,1.78,2003.67,340.0,0.0,2343.67,7510.46,4.04,46.42,10.5,1.6,1.0,13.1,87,873.1,No Prazo
VJ-10583,21/03/2026,Dedicada,PR-D088,Motorista_114,Silo Pato Branco -> Indústria Esmagadora (PR),140,49.85,55.22,2752.72,78.2,1.79,480.93,85.0,0.0,565.93,2186.79,4.04,11.35,2.5,3.6,0.8,6.9,79,209.6,No Prazo
VJ-10584,21/03/2026,Dedicada,PR-D059,Motorista_119,Silo Dois Vizinhos -> Terminal Mairinque (SP),620,48.49,215.31,10440.38,335.1,1.85,2060.87,410.0,0.0,2470.87,7969.51,3.99,50.96,11.4,1.8,1.7,14.9,92,898.1,No Prazo
VJ-10585,21/03/2026,Dedicada,PR-D020,Motorista_133,Silo Realeza -> Transbordo Ferroviário (PR),280,50.19,96.35,4835.81,160.9,1.74,989.54,160.0,0.0,1149.54,3686.27,4.11,22.9,4.5,3.0,1.0,8.5,68,431.2,No Prazo
VJ-10586,21/03/2026,Dedicada,PR-D129,Motorista_118,Silo Pato Branco -> Indústria Esmagadora (PR),140,48.29,54.78,2645.33,76.1,1.84,468.02,85.0,0.0,553.02,2092.31,3.95,11.45,2.6,3.3,1.0,6.9,78,203.9,Atrasado (Fila)
VJ-10587,21/03/2026,Dedicada,PR-D143,Motorista_105,Silo Pato Branco -> Indústria Esmagadora (PR),140,49.71,58.12,2889.15,82.8,1.69,509.22,85.0,0.0,594.22,2294.93,4.24,11.95,2.4,3.8,1.5,7.7,64,221.9,No Prazo
VJ-10588,22/03/2026,Dedicada,PR-D040,Motorista_082,Silo Dois Vizinhos -> Terminal Mairinque (SP),620,50.36,198.69,10006.03,362.6,1.71,2229.99,410.0,0.0,2639.99,7366.04,4.26,52.42,11.3,1.3,1.7,14.3,80,971.8,No Prazo
VJ-10589,22/03/2026,Dedicada,PR-D121,Motorista_145,Silo Francisco Beltrão -> Porto de Paranaguá (PR),580,49.64,187.53,9308.99,337.2,1.72,2073.78,340.0,0.0,2413.78,6895.21,4.16,48.63,9.5,3.5,7.0,20.0,67,903.7,No Prazo
VJ-10590,22/03/2026,Dedicada,PR-D152,Motorista_002,Silo Pato Branco -> Indústria Esmagadora (PR),140,49.22,50.45,2483.15,80.0,1.75,492.0,85.0,0.0,577.0,1906.15,4.12,11.72,2.6,1.7,1.5,5.8,94,214.4,No Prazo
VJ-10591,22/03/2026,Dedicada,PR-D001,Motorista_056,Silo Pato Branco -> Indústria Esmagadora (PR),140,50.43,46.56,2348.02,76.1,1.84,468.02,85.0,0.0,553.02,1795.0,3.95,10.97,2.4,2.1,1.6,6.1,74,203.9,No Prazo
VJ-10592,22/03/2026,Dedicada,PR-D015,Motorista_119,Silo Pato Branco -> Indústria Esmagadora (PR),140,49.04,50.93,2497.61,84.3,1.66,518.45,85.0,0.0,603.45,1894.16,4.31,12.31,2.6,2.2,0.6,5.4,99,225.9,No Prazo
VJ-10593,22/03/2026,Própria,PR-P017,Motorista_133,Silo Francisco Beltrão -> Porto de Paranaguá (PR),580,49.82,207.11,10318.22,311.8,1.86,1917.57,340.0,261.0,2698.57,7619.65,4.65,54.17,9.3,3.8,6.6,19.7,75,835.6,No Prazo
VJ-10594,22/03/2026,Dedicada,PR-D175,Motorista_133,Silo Capanema -> Porto de Itaqui (MA) [Arco Norte],2100,49.82,313.08,15597.65,1166.7,1.8,7175.21,180.0,0.0,7355.21,8242.44,3.5,147.64,37.5,2.9,16.0,56.4,67,3126.8,No Prazo
VJ-10595,22/03/2026,Dedicada,PR-D195,Motorista_102,Silo Francisco Beltrão -> Porto de Paranaguá (PR),580,48.58,183.74,8926.09,327.7,1.77,2015.36,340.0,0.0,2355.36,6570.73,4.06,48.48,10.3,0.8,1.8,12.9,68,878.2,No Prazo
VJ-10596,22/03/2026,Própria,PR-P040,Motorista_054,Silo Francisco Beltrão -> Porto de Paranaguá (PR),580,49.78,202.25,10068.01,282.9,2.05,1739.84,340.0,261.0,2520.84,7547.17,4.35,50.64,10.9,3.3,4.9,19.1,73,758.2,No Prazo
VJ-10597,22/03/2026,Dedicada,PR-D130,Motorista_139,Silo Dois Vizinhos -> Terminal Mairinque (SP),620,48.2,198.57,9571.07,350.3,1.77,2154.35,410.0,0.0,2564.35,7006.72,4.14,53.2,10.3,1.7,1.3,13.3,86,938.8,Atrasado (Fila)
VJ-10598,22/03/2026,Dedicada,PR-D006,Motorista_057,Silo Dois Vizinhos -> Terminal Mairinque (SP),620,49.82,207.66,10345.62,333.3,1.86,2049.8,410.0,0.0,2459.8,7885.82,3.97,49.37,10.2,1.1,1.9,13.2,82,893.2,No Prazo
VJ-10599,22/03/2026,Dedicada,PR-D068,Motorista_058,Silo Francisco Beltrão -> Porto de Paranaguá (PR),580,48.25,206.09,9943.84,310.2,1.87,1907.73,340.0,0.0,2247.73,7696.11,3.88,46.59,9.6,3.9,1.9,15.4,60,831.3,No Prazo
VJ-10600,23/03/2026,Dedicada,PR-D128,Motorista_044,Silo Francisco Beltrão -> Porto de Paranaguá (PR),580,50.35,197.28,9933.05,337.2,1.72,2073.78,340.0,0.0,2413.78,7519.27,4.16,47.94,10.3,2.4,16.9,29.6,68,903.7,No Prazo
VJ-10601,23/03/2026,Dedicada,PR-D090,Motorista_096,Silo Realeza -> Transbordo Ferroviário (PR),280,49.07,103.1,5059.12,160.0,1.75,984.0,160.0,0.0,1144.0,3915.12,4.09,23.31,5.4,2.4,0.8,8.6,73,428.8,No Prazo
VJ-10602,23/03/2026,Dedicada,PR-D205,Motorista_143,Silo Pato Branco -> Indústria Esmagadora (PR),140,49.36,48.03,2370.76,84.3,1.66,518.45,85.0,0.0,603.45,1767.31,4.31,12.23,2.6,2.4,2.0,7.0,69,225.9,No Prazo
VJ-10603,23/03/2026,Própria,PR-P031,Motorista_028,Silo Pato Branco -> Indústria Esmagadora (PR),140,48.59,55.53,2698.2,72.2,1.94,444.03,85.0,63.0,772.03,1926.17,5.51,15.89,2.2,1.4,0.8,4.4,84,193.5,No Prazo
VJ-10604,23/03/2026,Dedicada,PR-D030,Motorista_067,Silo Francisco Beltrão -> Porto de Paranaguá (PR),580,49.15,187.55,9218.08,335.3,1.73,2062.1,340.0,0.0,2402.1,6815.98,4.14,48.87,10.1,2.4,18.6,31.1,95,898.6,No Prazo
VJ-10605,23/03/2026,Dedicada,PR-D178,Motorista_065,Silo Capanema -> Porto de Itaqui (MA) [Arco Norte],2100,49.75,283.07,14082.73,1220.9,1.72,7508.54,180.0,0.0,7688.54,6394.19,3.66,154.54,34.4,2.3,2.2,38.9,74,3272.0,No Prazo
VJ-10606,23/03/2026,Dedicada,PR-D019,Motorista_058,Silo Dois Vizinhos -> Terminal Mairinque (SP),620,48.14,204.12,9826.34,333.3,1.86,2049.8,410.0,0.0,2459.8,7366.54,3.97,51.1,10.9,1.3,1.2,13.4,93,893.2,No Prazo
VJ-10607,23/03/2026,Dedicada,PR-D186,Motorista_097,Silo Francisco Beltrão -> Porto de Paranaguá (PR),580,50.26,209.11,10509.87,347.3,1.67,2135.9,340.0,0.0,2475.9,8033.97,4.27,49.26,9.5,1.5,1.4,12.4,70,930.8,No Prazo
VJ-10608,23/03/2026,Própria,PR-P036,Motorista_134,Silo Dois Vizinhos -> Terminal Mairinque (SP),620,48.28,217.61,10506.21,326.3,1.9,2006.74,410.0,279.0,2875.74,7630.47,4.64,59.56,10.4,2.0,1.6,14.0,81,874.5,No Prazo
VJ-10609,23/03/2026,Própria,PR-P043,Motorista_077,Silo Francisco Beltrão -> Porto de Paranaguá (PR),580,49.87,188.43,9397.0,285.7,2.03,1757.06,340.0,261.0,2538.06,6858.94,4.38,50.89,10.9,0.5,4.9,16.3,94,765.7,No Prazo
VJ-10610,23/03/2026,Dedicada,PR-D209,Motorista_042,Silo Capanema -> Porto de Itaqui (MA) [Arco Norte],2100,49.44,308.16,15235.43,1186.4,1.77,7296.36,180.0,0.0,7476.36,7759.07,3.56,151.22,39.4,3.8,6.8,50.0,91,3179.6,No Prazo
VJ-10611,23/03/2026,Própria,PR-P007,Motorista_099,Silo Dois Vizinhos -> Terminal Mairinque (SP),620,49.6,193.81,9612.98,303.9,2.04,1868.98,410.0,279.0,2737.98,6875.0,4.42,55.2,9.9,0.7,1.4,12.0,96,814.5,Atrasado (Fila)
VJ-10612,24/03/2026,Própria,PR-P015,Motorista_061,Silo Francisco Beltrão -> Porto de Paranaguá (PR),580,48.17,203.52,9803.56,292.9,1.98,1801.34,340.0,261.0,2582.34,7221.22,4.45,53.61,9.5,1.0,2.2,12.7,97,785.0,No Prazo
VJ-10613,24/03/2026,Dedicada,PR-D136,Motorista_047,Silo Realeza -> Transbordo Ferroviário (PR),280,48.6,94.79,4606.79,164.7,1.7,1012.9,160.0,0.0,1172.9,3433.89,4.19,24.13,4.7,3.4,1.3,9.4,75,441.4,No Prazo
VJ-10614,24/03/2026,Dedicada,PR-D173,Motorista_139,Silo Pato Branco -> Indústria Esmagadora (PR),140,49.24,58.7,2890.39,76.1,1.84,468.02,85.0,0.0,553.02,2337.37,3.95,11.23,2.3,1.6,1.8,5.7,92,203.9,No Prazo
VJ-10615,24/03/2026,Dedicada,PR-D200,Motorista_023,Silo Pato Branco -> Indústria Esmagadora (PR),140,50.02,47.3,2365.95,78.2,1.79,480.93,85.0,0.0,565.93,1800.02,4.04,11.31,2.3,1.0,0.8,4.1,89,209.6,No Prazo
VJ-10616,24/03/2026,Própria,PR-P006,Motorista_062,Silo Francisco Beltrão -> Porto de Paranaguá (PR),580,48.73,190.4,9278.19,285.7,2.03,1757.06,340.0,261.0,2538.06,6740.13,4.38,52.08,10.4,0.9,18.7,30.0,79,765.7,No Prazo
VJ-10617,24/03/2026,Dedicada,PR-D061,Motorista_057,Silo Capanema -> Porto de Itaqui (MA) [Arco Norte],2100,48.94,305.68,14959.98,1153.8,1.82,7095.87,180.0,0.0,7275.87,7684.11,3.46,148.67,35.8,2.5,4.5,42.8,62,3092.2,No Prazo
VJ-10618,24/03/2026,Dedicada,PR-D033,Motorista_056,Silo Dois Vizinhos -> Terminal Mairinque (SP),620,50.39,197.55,9954.54,354.3,1.75,2178.95,410.0,0.0,2588.95,7365.59,4.18,51.38,11.4,3.4,0.6,15.4,78,949.5,No Prazo
VJ-10619,24/03/2026,Dedicada,PR-D134,Motorista_138,Silo Francisco Beltrão -> Porto de Paranaguá (PR),580,49.48,205.76,10181.0,337.2,1.72,2073.78,340.0,0.0,2413.78,7767.22,4.16,48.78,9.3,2.0,2.4,13.7,85,903.7,No Prazo
VJ-10620,24/03/2026,Dedicada,PR-D029,Motorista_016,Silo Realeza -> Transbordo Ferroviário (PR),280,48.57,109.13,5300.44,168.7,1.66,1037.5,160.0,0.0,1197.5,4102.94,4.28,24.66,4.7,0.7,1.6,7.0,88,452.1,No Prazo
VJ-10621,24/03/2026,Dedicada,PR-D004,Motorista_137,Silo Francisco Beltrão -> Porto de Paranaguá (PR),580,48.07,194.86,9366.92,333.3,1.74,2049.8,340.0,0.0,2389.8,6977.12,4.12,49.71,11.1,0.8,1.7,13.6,89,893.2,Atrasado (Fila)
VJ-10622,24/03/2026,Dedicada,PR-D015,Motorista_127,Silo Pato Branco -> Indústria Esmagadora (PR),140,49.79,56.53,2814.63,76.1,1.84,468.02,85.0,0.0,553.02,2261.61,3.95,11.11,2.6,3.3,2.0,7.9,88,203.9,No Prazo
VJ-10623,24/03/2026,Dedicada,PR-D005,Motorista_008,Silo Dois Vizinhos -> Terminal Mairinque (SP),620,49.77,199.26,9917.17,358.4,1.73,2204.16,410.0,0.0,2614.16,7303.01,4.22,52.52,11.7,0.7,1.0,13.4,61,960.5,No Prazo
VJ-10624,25/03/2026,Dedicada,PR-D133,Motorista_065,Silo Dois Vizinhos -> Terminal Mairinque (SP),620,49.19,215.3,10590.61,356.3,1.74,2191.25,410.0,0.0,2601.25,7989.36,4.2,52.88,10.4,3.0,0.6,14.0,80,954.9,No Prazo
VJ-10625,25/03/2026,Dedicada,PR-D197,Motorista_025,Silo Pato Branco -> Indústria Esmagadora (PR),140,48.91,53.95,2638.69,80.0,1.75,492.0,85.0,0.0,577.0,2061.69,4.12,11.8,2.7,3.4,1.1,7.2,87,214.4,No Prazo
VJ-10626,25/03/2026,Dedicada,PR-D172,Motorista_110,Silo Francisco Beltrão -> Porto de Paranaguá (PR),580,48.03,199.46,9580.06,315.2,1.84,1938.48,340.0,0.0,2278.48,7301.58,3.93,47.44,10.6,1.8,11.7,24.1,60,844.7,No Prazo
VJ-10627,25/03/2026,Dedicada,PR-D100,Motorista_060,Silo Capanema -> Porto de Itaqui (MA) [Arco Norte],2100,49.29,282.59,13928.86,1235.3,1.7,7597.1,180.0,0.0,7777.1,6151.76,3.7,157.78,35.8,3.4,17.3,56.5,65,3310.6,No Prazo
VJ-10628,25/03/2026,Dedicada,PR-D037,Motorista_032,Silo Pato Branco -> Indústria Esmagadora (PR),140,48.84,58.74,2868.86,76.1,1.84,468.02,85.0,0.0,553.02,2315.84,3.95,11.32,2.5,3.5,1.7,7.7,64,203.9,No Prazo
VJ-10629,25/03/2026,Dedicada,PR-D146,Motorista_124,Silo Pato Branco -> Indústria Esmagadora (PR),140,50.07,54.31,2719.3,76.5,1.83,470.48,85.0,0.0,555.48,2163.82,3.97,11.09,2.7,2.1,1.1,5.9,73,205.0,No Prazo
VJ-10630,25/03/2026,Própria,PR-P001,Motorista_058,Silo Francisco Beltrão -> Porto de Paranaguá (PR),580,49.69,189.38,9410.29,299.0,1.94,1838.85,340.0,261.0,2619.85,6790.44,4.52,52.72,10.7,1.4,4.9,17.0,66,801.3,No Prazo
VJ-10631,25/03/2026,Própria,PR-P005,Motorista_058,Silo Francisco Beltrão -> Porto de Paranaguá (PR),580,49.86,181.68,9058.56,299.0,1.94,1838.85,340.0,261.0,2619.85,6438.71,4.52,52.54,9.5,1.6,3.7,14.8,68,801.3,No Prazo
VJ-10632,25/03/2026,Própria,PR-P001,Motorista_050,Silo Realeza -> Transbordo Ferroviário (PR),280,48.5,104.76,5080.86,141.4,1.98,869.61,160.0,126.0,1335.61,3745.25,4.77,27.54,5.0,3.7,0.6,9.3,96,379.0,No Prazo
VJ-10633,25/03/2026,Dedicada,PR-D011,Motorista_067,Silo Dois Vizinhos -> Terminal Mairinque (SP),620,48.97,207.11,10142.18,348.3,1.78,2142.04,410.0,0.0,2552.04,7590.14,4.12,52.11,11.2,0.8,0.6,12.6,98,933.4,No Prazo
VJ-10634,25/03/2026,Dedicada,PR-D087,Motorista_127,Silo Pato Branco -> Indústria Esmagadora (PR),140,49.96,54.24,2709.83,78.7,1.78,484.01,85.0,0.0,569.01,2140.82,4.06,11.39,2.4,1.2,0.6,4.2,73,210.9,No Prazo
VJ-10635,25/03/2026,Dedicada,PR-D033,Motorista_041,Silo Pato Branco -> Indústria Esmagadora (PR),140,49.17,57.64,2834.16,75.3,1.86,463.1,85.0,0.0,548.1,2286.06,3.92,11.15,2.2,0.7,2.0,4.9,63,201.8,No Prazo
VJ-10636,26/03/2026,Dedicada,PR-D071,Motorista_048,Silo Pato Branco -> Indústria Esmagadora (PR),140,49.5,57.46,2844.27,81.9,1.71,503.69,85.0,0.0,588.69,2255.58,4.2,11.89,2.5,2.8,1.1,6.4,70,219.5,No Prazo
VJ-10637,26/03/2026,Dedicada,PR-D026,Motorista_130,Silo Francisco Beltrão -> Porto de Paranaguá (PR),580,48.26,194.33,9378.37,339.2,1.71,2086.08,340.0,0.0,2426.08,6952.29,4.18,50.27,10.8,3.2,0.8,14.8,87,909.1,No Prazo
VJ-10638,26/03/2026,Própria,PR-P041,Motorista_149,Silo Pato Branco -> Indústria Esmagadora (PR),140,50.49,55.2,2787.05,74.5,1.88,458.18,85.0,63.0,786.18,2000.87,5.62,15.57,2.5,1.5,1.2,5.2,98,199.7,No Prazo
VJ-10639,26/03/2026,Dedicada,PR-D013,Motorista_008,Silo Francisco Beltrão -> Porto de Paranaguá (PR),580,48.58,197.65,9601.84,324.0,1.79,1992.6,340.0,0.0,2332.6,7269.24,4.02,48.02,10.3,2.2,2.4,14.9,99,868.3,Atrasado (Fila)
VJ-10640,26/03/2026,Dedicada,PR-D204,Motorista_026,Silo Dois Vizinhos -> Terminal Mairinque (SP),620,49.89,197.94,9875.23,350.3,1.77,2154.35,410.0,0.0,2564.35,7310.88,4.14,51.4,10.2,1.2,0.5,11.9,94,938.8,No Prazo
VJ-10641,26/03/2026,Dedicada,PR-D147,Motorista_084,Silo Francisco Beltrão -> Porto de Paranaguá (PR),580,50.09,202.94,10165.26,315.2,1.84,1938.48,340.0,0.0,2278.48,7886.78,3.93,45.49,10.7,1.7,7.0,19.4,78,844.7,No Prazo
VJ-10642,26/03/2026,Dedicada,PR-D087,Motorista_019,Silo Francisco Beltrão -> Porto de Paranaguá (PR),580,48.6,182.17,8853.46,329.5,1.76,2026.43,340.0,0.0,2366.43,6487.03,4.08,48.69,9.8,3.9,12.2,25.9,62,883.1,No Prazo
VJ-10643,26/03/2026,Dedicada,PR-D140,Motorista_092,Silo Capanema -> Porto de Itaqui (MA) [Arco Norte],2100,49.95,299.35,14952.53,1147.5,1.83,7057.12,180.0,0.0,7237.12,7715.41,3.45,144.89,34.4,1.0,17.3,52.7,74,3075.3,No Prazo
VJ-10644,26/03/2026,Dedicada,PR-D116,Motorista_146,Silo Pato Branco -> Indústria Esmagadora (PR),140,49.6,57.48,2851.01,84.3,1.66,518.45,85.0,0.0,603.45,2247.56,4.31,12.17,2.4,3.2,1.1,6.7,83,225.9,No Prazo
VJ-10645,26/03/2026,Dedicada,PR-D130,Motorista_020,Silo Francisco Beltrão -> Porto de Paranaguá (PR),580,48.65,190.05,9245.93,351.5,1.65,2161.72,340.0,0.0,2501.72,6744.21,4.31,51.42,10.3,2.9,7.1,20.3,98,942.0,No Prazo
VJ-10646,26/03/2026,Dedicada,PR-D021,Motorista_073,Silo Francisco Beltrão -> Porto de Paranaguá (PR),580,50.27,206.05,10358.13,316.9,1.83,1948.94,340.0,0.0,2288.94,8069.19,3.95,45.53,11.0,2.2,10.3,23.5,89,849.3,No Prazo
VJ-10647,26/03/2026,Dedicada,PR-D140,Motorista_040,Silo Pato Branco -> Indústria Esmagadora (PR),140,48.12,51.52,2479.14,77.3,1.81,475.4,85.0,0.0,560.4,1918.74,4.0,11.65,2.6,1.1,0.6,4.3,97,207.2,No Prazo
VJ-10648,27/03/2026,Dedicada,PR-D071,Motorista_033,Silo Dois Vizinhos -> Terminal Mairinque (SP),620,50.4,203.77,10270.01,373.5,1.66,2297.02,410.0,0.0,2707.02,7562.99,4.37,53.71,9.9,1.3,1.0,12.2,88,1001.0,No Prazo
VJ-10649,27/03/2026,Dedicada,PR-D130,Motorista_013,Silo Francisco Beltrão -> Porto de Paranaguá (PR),580,49.08,209.54,10284.22,345.2,1.68,2122.98,340.0,0.0,2462.98,7821.24,4.25,50.18,9.6,1.0,0.9,11.5,75,925.1,No Prazo
VJ-10650,27/03/2026,Dedicada,PR-D196,Motorista_026,Silo Dois Vizinhos -> Terminal Mairinque (SP),620,49.24,205.59,10123.25,352.3,1.76,2166.64,410.0,0.0,2576.64,7546.61,4.16,52.33,11.9,3.9,1.3,17.1,89,944.2,Atrasado (Manutenção)
VJ-10651,27/03/2026,Dedicada,PR-D119,Motorista_086,Silo Francisco Beltrão -> Porto de Paranaguá (PR),580,48.58,209.38,10171.68,343.2,1.69,2110.68,340.0,0.0,2450.68,7721.0,4.23,50.45,10.9,3.8,10.5,25.2,76,919.8,No Prazo
VJ-10652,27/03/2026,Dedicada,PR-D108,Motorista_045,Silo Dois Vizinhos -> Terminal Mairinque (SP),620,49.82,211.81,10552.37,354.3,1.75,2178.95,410.0,0.0,2588.95,7963.42,4.18,51.97,9.9,0.8,1.8,12.5,97,949.5,No Prazo
VJ-10653,27/03/2026,Dedicada,PR-D072,Motorista_087,Silo Dois Vizinhos -> Terminal Mairinque (SP),620,48.95,202.06,9890.84,342.5,1.81,2106.38,410.0,0.0,2516.38,7374.46,4.06,51.41,11.4,3.0,1.2,15.6,87,917.9,No Prazo
VJ-10654,27/03/2026,Dedicada,PR-D109,Motorista_055,Silo Realeza -> Transbordo Ferroviário (PR),280,50.09,107.28,5373.66,167.7,1.67,1031.36,160.0,0.0,1191.36,4182.3,4.25,23.78,5.1,0.9,1.6,7.6,78,449.4,No Prazo
VJ-10655,27/03/2026,Dedicada,PR-D017,Motorista_012,Silo Pato Branco -> Indústria Esmagadora (PR),140,48.26,58.15,2806.32,78.7,1.78,484.01,85.0,0.0,569.01,2237.31,4.06,11.79,2.6,2.3,1.4,6.3,79,210.9,No Prazo
VJ-10656,27/03/2026,Dedicada,PR-D097,Motorista_045,Silo Realeza -> Transbordo Ferroviário (PR),280,48.59,97.22,4723.92,161.8,1.73,995.07,160.0,0.0,1155.07,3568.85,4.13,23.77,4.8,1.0,1.5,7.3,74,433.6,No Prazo
VJ-10657,27/03/2026,Própria,PR-P042,Motorista_031,Silo Capanema -> Porto de Itaqui (MA) [Arco Norte],2100,49.35,301.83,14895.31,1093.8,1.92,6726.87,180.0,945.0,8031.87,6863.44,3.82,162.75,34.0,2.5,5.4,41.9,83,2931.4,No Prazo
VJ-10658,27/03/2026,Dedicada,PR-D041,Motorista_126,Silo Pato Branco -> Indústria Esmagadora (PR),140,49.5,59.82,2961.09,75.3,1.86,463.1,85.0,0.0,548.1,2412.99,3.92,11.07,2.5,2.3,1.7,6.5,82,201.8,No Prazo
VJ-10659,27/03/2026,Dedicada,PR-D100,Motorista_148,Silo Francisco Beltrão -> Porto de Paranaguá (PR),580,49.76,200.51,9977.38,349.4,1.66,2148.81,340.0,0.0,2488.81,7488.57,4.29,50.02,9.3,3.6,0.7,13.6,61,936.4,No Prazo
VJ-10660,28/03/2026,Dedicada,PR-D122,Motorista_141,Silo Francisco Beltrão -> Porto de Paranaguá (PR),580,48.31,202.19,9767.8,316.9,1.83,1948.94,340.0,0.0,2288.94,7478.86,3.95,47.38,9.3,3.0,4.9,17.2,82,849.3,No Prazo
VJ-10661,28/03/2026,Dedicada,PR-D017,Motorista_047,Silo Francisco Beltrão -> Porto de Paranaguá (PR),580,49.35,187.88,9271.88,315.2,1.84,1938.48,340.0,0.0,2278.48,6993.4,3.93,46.17,10.4,3.3,1.1,14.8,63,844.7,Atrasado (Fila)
VJ-10662,28/03/2026,Dedicada,PR-D170,Motorista_146,Silo Francisco Beltrão -> Porto de Paranaguá (PR),580,48.26,209.07,10089.72,339.2,1.71,2086.08,340.0,0.0,2426.08,7663.64,4.18,50.27,10.9,3.1,1.1,15.1,92,909.1,No Prazo
VJ-10663,28/03/2026,Dedicada,PR-D164,Motorista_134,Silo Pato Branco -> Indústria Esmagadora (PR),140,49.02,51.01,2500.51,76.9,1.82,472.94,85.0,0.0,557.94,1942.57,3.99,11.38,2.6,0.8,1.4,4.8,60,206.1,No Prazo
VJ-10664,28/03/2026,Dedicada,PR-D082,Motorista_093,Silo Capanema -> Porto de Itaqui (MA) [Arco Norte],2100,48.04,318.81,15315.63,1228.1,1.71,7552.82,180.0,0.0,7732.82,7582.81,3.68,160.97,39.6,1.6,7.0,48.2,75,3291.3,No Prazo
VJ-10665,28/03/2026,Própria,PR-P042,Motorista_145,Silo Francisco Beltrão -> Porto de Paranaguá (PR),580,48.31,183.29,8854.74,292.9,1.98,1801.34,340.0,261.0,2582.34,6272.4,4.45,53.45,10.5,1.7,4.9,17.1,65,785.0,No Prazo
VJ-10666,28/03/2026,Dedicada,PR-D023,Motorista_049,Silo Capanema -> Porto de Itaqui (MA) [Arco Norte],2100,48.15,280.01,13482.48,1257.5,1.67,7733.62,180.0,0.0,7913.62,5568.86,3.77,164.35,36.9,3.9,15.7,56.5,69,3370.1,No Prazo
VJ-10667,28/03/2026,Dedicada,PR-D062,Motorista_066,Silo Realeza -> Transbordo Ferroviário (PR),280,48.59,95.96,4662.7,149.7,1.87,920.66,160.0,0.0,1080.66,3582.04,3.86,22.24,5.2,0.8,1.2,7.2,93,401.2,Atrasado (Fila)
VJ-10668,28/03/2026,Própria,PR-P045,Motorista_128,Silo Dois Vizinhos -> Terminal Mairinque (SP),620,50.43,212.57,10719.91,303.9,2.04,1868.98,410.0,279.0,2737.98,7981.93,4.42,54.29,10.0,1.7,0.9,12.6,94,814.5,No Prazo
VJ-10669,28/03/2026,Própria,PR-P008,Motorista_137,Silo Pato Branco -> Indústria Esmagadora (PR),140,48.47,49.09,2379.39,75.3,1.86,463.1,85.0,63.0,791.1,1588.29,5.65,16.32,2.5,0.7,1.3,4.5,66,201.8,No Prazo
VJ-10670,28/03/2026,Dedicada,PR-D045,Motorista_134,Silo Pato Branco -> Indústria Esmagadora (PR),140,49.91,46.7,2330.8,77.3,1.81,475.4,85.0,0.0,560.4,1770.4,4.0,11.23,2.4,1.9,1.2,5.5,82,207.2,No Prazo
VJ-10671,28/03/2026,Própria,PR-P006,Motorista_091,Silo Pato Branco -> Indústria Esmagadora (PR),140,48.87,55.93,2733.3,72.9,1.92,448.34,85.0,63.0,776.34,1956.96,5.55,15.89,2.3,2.0,1.9,6.2,96,195.4,No Prazo
VJ-10672,29/03/2026,Dedicada,PR-D120,Motorista_040,Silo Francisco Beltrão -> Porto de Paranaguá (PR),580,48.18,188.24,9069.4,316.9,1.83,1948.94,340.0,0.0,2288.94,6780.46,3.95,47.51,9.2,0.8,14.9,24.9,90,849.3,No Prazo
VJ-10673,29/03/2026,Dedicada,PR-D044,Motorista_129,Silo Dois Vizinhos -> Terminal Mairinque (SP),620,48.2,200.19,9649.16,352.3,1.76,2166.64,410.0,0.0,2576.64,7072.52,4.16,53.46,11.0,3.1,1.6,15.7,75,944.2,No Prazo
VJ-10674,29/03/2026,Dedicada,PR-D180,Motorista_005,Silo Realeza -> Transbordo Ferroviário (PR),280,49.93,92.56,4621.52,155.6,1.8,956.94,160.0,0.0,1116.94,3504.58,3.99,22.37,4.6,3.7,0.5,8.8,64,417.0,No Prazo
VJ-10675,29/03/2026,Dedicada,PR-D035,Motorista_015,Silo Dois Vizinhos -> Terminal Mairinque (SP),620,48.12,205.28,9878.07,348.3,1.78,2142.04,410.0,0.0,2552.04,7326.03,4.12,53.03,10.2,0.6,0.7,11.5,68,933.4,Atrasado (Manutenção)
VJ-10676,29/03/2026,Dedicada,PR-D011,Motorista_109,Silo Francisco Beltrão -> Porto de Paranaguá (PR),580,48.15,192.6,9273.69,320.4,1.81,1970.46,340.0,0.0,2310.46,6963.23,3.98,47.98,10.0,2.7,1.8,14.5,71,858.7,No Prazo
VJ-10677,29/03/2026,Dedicada,PR-D103,Motorista_030,Silo Dois Vizinhos -> Terminal Mairinque (SP),620,49.23,195.86,9642.19,364.7,1.7,2242.91,410.0,0.0,2652.91,6989.28,4.28,53.89,10.4,3.7,1.6,15.7,97,977.4,No Prazo
VJ-10678,29/03/2026,Dedicada,PR-D161,Motorista_127,Silo Pato Branco -> Indústria Esmagadora (PR),140,49.71,51.79,2574.48,79.5,1.76,488.92,85.0,0.0,573.92,2000.56,4.1,11.55,2.5,2.0,1.6,6.1,66,213.1,No Prazo
VJ-10679,29/03/2026,Dedicada,PR-D138,Motorista_089,Silo Dois Vizinhos -> Terminal Mairinque (SP),620,48.53,211.92,10284.48,331.6,1.87,2039.34,410.0,0.0,2449.34,7835.14,3.95,50.47,10.2,3.4,2.0,15.6,73,888.7,No Prazo
VJ-10680,29/03/2026,Dedicada,PR-D175,Motorista_015,Silo Francisco Beltrão -> Porto de Paranaguá (PR),580,49.86,205.7,10256.2,310.2,1.87,1907.73,340.0,0.0,2247.73,8008.47,3.88,45.08,10.5,2.0,12.6,25.1,91,831.3,No Prazo
VJ-10681,29/03/2026,Dedicada,PR-D013,Motorista_113,Silo Capanema -> Porto de Itaqui (MA) [Arco Norte],2100,49.7,296.96,14758.91,1135.1,1.85,6980.86,180.0,0.0,7160.86,7598.05,3.41,144.08,34.8,1.1,4.6,40.5,67,3042.1,No Prazo
VJ-10682,29/03/2026,Dedicada,PR-D139,Motorista_062,Silo Capanema -> Porto de Itaqui (MA) [Arco Norte],2100,49.68,289.52,14383.35,1129.0,1.86,6943.35,180.0,0.0,7123.35,7260.0,3.39,143.38,34.5,1.9,13.8,50.2,84,3025.7,No Prazo
VJ-10683,29/03/2026,Própria,PR-P006,Motorista_133,Silo Francisco Beltrão -> Porto de Paranaguá (PR),580,48.69,193.86,9439.04,292.9,1.98,1801.34,340.0,261.0,2582.34,6856.7,4.45,53.04,9.7,0.6,4.3,14.6,90,785.0,No Prazo
VJ-10684,30/03/2026,Dedicada,PR-D172,Motorista_122,Silo Capanema -> Porto de Itaqui (MA) [Arco Norte],2100,48.63,300.9,14632.77,1228.1,1.71,7552.82,180.0,0.0,7732.82,6899.95,3.68,159.01,36.7,3.2,5.6,45.5,66,3291.3,No Prazo
VJ-10685,30/03/2026,Dedicada,PR-D155,Motorista_126,Silo Francisco Beltrão -> Porto de Paranaguá (PR),580,48.69,199.1,9694.18,313.5,1.85,1928.02,340.0,0.0,2268.02,7426.16,3.91,46.58,10.4,2.7,3.5,16.6,92,840.2,No Prazo
VJ-10686,30/03/2026,Dedicada,PR-D136,Motorista_007,Silo Dois Vizinhos -> Terminal Mairinque (SP),620,48.94,205.21,10042.98,356.3,1.74,2191.25,410.0,0.0,2601.25,7441.73,4.2,53.15,10.4,1.9,0.7,13.0,93,954.9,No Prazo
VJ-10687,30/03/2026,Dedicada,PR-D040,Motorista_029,Silo Francisco Beltrão -> Porto de Paranaguá (PR),580,49.55,183.74,9104.32,337.2,1.72,2073.78,340.0,0.0,2413.78,6690.54,4.16,48.71,9.2,1.4,21.1,31.7,93,903.7,Atrasado (Fila)
VJ-10688,30/03/2026,Dedicada,PR-D010,Motorista_007,Silo Realeza -> Transbordo Ferroviário (PR),280,49.84,100.19,4993.47,160.9,1.74,989.54,160.0,0.0,1149.54,3843.93,4.11,23.06,4.5,2.1,0.7,7.3,99,431.2,No Prazo
VJ-10689,30/03/2026,Dedicada,PR-D202,Motorista_146,Silo Dois Vizinhos -> Terminal Mairinque (SP),620,48.24,197.52,9528.36,364.7,1.7,2242.91,410.0,0.0,2652.91,6875.45,4.28,54.99,11.5,1.6,0.6,13.7,81,977.4,No Prazo
VJ-10690,30/03/2026,Própria,PR-P041,Motorista_114,Silo Francisco Beltrão -> Porto de Paranaguá (PR),580,48.91,201.32,9846.56,305.3,1.9,1877.6,340.0,261.0,2658.6,7187.96,4.58,54.36,9.4,1.6,6.0,17.0,79,818.2,No Prazo
VJ-10691,30/03/2026,Dedicada,PR-D109,Motorista_042,Silo Pato Branco -> Indústria Esmagadora (PR),140,48.47,53.47,2591.69,76.1,1.84,468.02,85.0,0.0,553.02,2038.67,3.95,11.41,2.6,1.7,1.7,6.0,64,203.9,No Prazo
VJ-10692,30/03/2026,Dedicada,PR-D055,Motorista_007,Silo Pato Branco -> Indústria Esmagadora (PR),140,48.69,48.54,2363.41,80.9,1.73,497.54,85.0,0.0,582.54,1780.87,4.16,11.96,2.5,2.6,1.0,6.1,73,216.8,No Prazo
VJ-10693,30/03/2026,Própria,PR-P018,Motorista_060,Silo Dois Vizinhos -> Terminal Mairinque (SP),620,48.79,212.32,10359.09,319.6,1.94,1965.54,410.0,279.0,2834.54,7524.55,4.57,58.1,10.6,0.5,1.2,12.3,82,856.5,No Prazo
VJ-10694,30/03/2026,Dedicada,PR-D185,Motorista_124,Silo Pato Branco -> Indústria Esmagadora (PR),140,50.45,46.81,2361.56,81.9,1.71,503.69,85.0,0.0,588.69,1772.87,4.2,11.67,2.4,3.5,1.8,7.7,84,219.5,No Prazo
VJ-10695,30/03/2026,Própria,PR-P026,Motorista_013,Silo Pato Branco -> Indústria Esmagadora (PR),140,49.51,51.48,2548.77,73.7,1.9,453.26,85.0,63.0,781.26,1767.51,5.58,15.78,2.3,3.4,1.5,7.2,73,197.5,Atrasado (Manutenção)
VJ-10696,31/03/2026,Dedicada,PR-D106,Motorista_079,Silo Francisco Beltrão -> Porto de Paranaguá (PR),580,48.35,192.15,9290.45,324.0,1.79,1992.6,340.0,0.0,2332.6,6957.85,4.02,48.24,11.0,3.3,10.2,24.5,64,868.3,No Prazo
VJ-10697,31/03/2026,Própria,PR-P027,Motorista_057,Silo Francisco Beltrão -> Porto de Paranaguá (PR),580,50.02,182.25,9116.14,303.7,1.91,1867.76,340.0,261.0,2648.76,6467.38,4.57,52.95,9.5,0.8,4.1,14.4,64,813.9,Atrasado (Fila)
VJ-10698,31/03/2026,Própria,PR-P011,Motorista_004,Silo Pato Branco -> Indústria Esmagadora (PR),140,49.79,55.91,2783.76,69.0,2.03,424.35,85.0,63.0,752.35,2031.41,5.37,15.11,2.5,0.7,1.9,5.1,89,184.9,No Prazo
VJ-10699,31/03/2026,Dedicada,PR-D134,Motorista_086,Silo Francisco Beltrão -> Porto de Paranaguá (PR),580,49.93,204.95,10233.15,347.3,1.67,2135.9,340.0,0.0,2475.9,7757.25,4.27,49.59,10.8,1.9,5.5,18.2,91,930.8,No Prazo
VJ-10700,31/03/2026,Própria,PR-P033,Motorista_005,Silo Capanema -> Porto de Itaqui (MA) [Arco Norte],2100,50.39,298.83,15058.04,1147.5,1.83,7057.12,180.0,945.0,8362.12,6695.92,3.98,165.95,38.6,3.0,1.3,42.9,78,3075.3,No Prazo
VJ-10701,31/03/2026,Dedicada,PR-D129,Motorista_070,Silo Dois Vizinhos -> Terminal Mairinque (SP),620,50.22,190.07,9545.32,360.5,1.72,2217.08,410.0,0.0,2627.08,6918.24,4.24,52.31,10.6,1.4,1.1,13.1,81,966.1,No Prazo
VJ-10702,31/03/2026,Própria,PR-P002,Motorista_086,Silo Francisco Beltrão -> Porto de Paranaguá (PR),580,49.15,196.95,9680.09,284.3,2.04,1748.45,340.0,261.0,2529.45,7150.64,4.36,51.46,10.7,2.4,12.3,25.4,82,761.9,No Prazo
VJ-10703,31/03/2026,Dedicada,PR-D090,Motorista_060,Silo Francisco Beltrão -> Porto de Paranaguá (PR),580,49.72,183.05,9101.25,310.2,1.87,1907.73,340.0,0.0,2247.73,6853.52,3.88,45.21,9.5,3.6,3.8,16.9,98,831.3,No Prazo
VJ-10704,31/03/2026,Dedicada,PR-D150,Motorista_063,Silo Pato Branco -> Indústria Esmagadora (PR),140,48.01,47.54,2282.4,74.9,1.87,460.64,85.0,0.0,545.64,1736.76,3.9,11.37,2.2,1.2,0.9,4.3,95,200.7,No Prazo
VJ-10705,31/03/2026,Dedicada,PR-D090,Motorista_133,Silo Capanema -> Porto de Itaqui (MA) [Arco Norte],2100,50.47,283.96,14331.46,1265.1,1.66,7780.36,180.0,0.0,7960.36,6371.1,3.79,157.72,35.7,0.7,3.0,39.4,96,3390.5,No Prazo
VJ-10706,31/03/2026,Dedicada,PR-D092,Motorista_099,Silo Pato Branco -> Indústria Esmagadora (PR),140,50.45,47.8,2411.51,74.5,1.88,458.18,85.0,0.0,543.18,1868.33,3.88,10.77,2.6,1.2,1.7,5.5,80,199.7,No Prazo
VJ-10707,31/03/2026,Dedicada,PR-D186,Motorista_038,Silo Realeza -> Transbordo Ferroviário (PR),280,49.58,105.56,5233.66,153.8,1.82,945.87,160.0,0.0,1105.87,4127.79,3.95,22.3,5.4,2.3,1.3,9.0,61,412.2,No Prazo
VJ-10708,01/04/2026,Dedicada,PR-D130,Motorista_092,Silo Francisco Beltrão -> Porto de Paranaguá (PR),580,49.01,195.72,9592.24,335.3,1.73,2062.1,340.0,0.0,2402.1,7190.14,4.14,49.01,10.6,2.8,9.4,22.8,86,898.6,No Prazo
VJ-10709,01/04/2026,Dedicada,PR-D210,Motorista_110,Silo Francisco Beltrão -> Porto de Paranaguá (PR),580,49.5,207.09,10250.96,325.8,1.78,2003.67,340.0,0.0,2343.67,7907.29,4.04,47.35,10.3,3.6,11.2,25.1,82,873.1,No Prazo
VJ-10710,01/04/2026,Dedicada,PR-D173,Motorista_088,Silo Francisco Beltrão -> Porto de Paranaguá (PR),580,49.7,203.83,10130.35,313.5,1.85,1928.02,340.0,0.0,2268.02,7862.33,3.91,45.63,9.8,1.4,10.8,22.0,91,840.2,No Prazo
VJ-10711,01/04/2026,Dedicada,PR-D157,Motorista_049,Silo Pato Branco -> Indústria Esmagadora (PR),140,50.42,57.3,2889.07,76.5,1.83,470.48,85.0,0.0,555.48,2333.59,3.97,11.02,2.2,3.2,1.9,7.3,93,205.0,Atrasado (Fila)
VJ-10712,01/04/2026,Dedicada,PR-D067,Motorista_042,Silo Realeza -> Transbordo Ferroviário (PR),280,48.31,98.39,4753.22,169.7,1.65,1043.66,160.0,0.0,1203.66,3549.56,4.3,24.92,4.6,1.1,0.7,6.4,72,454.8,No Prazo
VJ-10713,01/04/2026,Própria,PR-P002,Motorista_064,Silo Francisco Beltrão -> Porto de Paranaguá (PR),580,50.35,187.9,9460.77,316.9,1.83,1948.94,340.0,261.0,2729.94,6730.83,4.71,54.22,9.7,3.5,0.0,13.2,90,849.3,No Prazo
VJ-10714,01/04/2026,Dedicada,PR-D102,Motorista_074,Silo Francisco Beltrão -> Porto de Paranaguá (PR),580,49.56,202.27,10024.5,315.2,1.84,1938.48,340.0,0.0,2278.48,7746.02,3.93,45.97,10.8,1.1,5.3,17.2,78,844.7,No Prazo
VJ-10715,01/04/2026,Dedicada,PR-D197,Motorista_054,Silo Dois Vizinhos -> Terminal Mairinque (SP),620,50.26,198.02,9952.49,354.3,1.75,2178.95,410.0,0.0,2588.95,7363.54,4.18,51.51,10.4,2.1,1.6,14.1,91,949.5,Atrasado (Fila)
VJ-10716,01/04/2026,Dedicada,PR-D043,Motorista_062,Silo Francisco Beltrão -> Porto de Paranaguá (PR),580,48.6,186.32,9055.15,324.0,1.79,1992.6,340.0,0.0,2332.6,6722.55,4.02,48.0,9.3,3.9,10.4,23.6,74,868.3,No Prazo
VJ-10717,01/04/2026,Dedicada,PR-D073,Motorista_036,Silo Pato Branco -> Indústria Esmagadora (PR),140,48.55,49.63,2409.54,75.7,1.85,465.56,85.0,0.0,550.56,1858.98,3.93,11.34,2.6,3.3,1.2,7.1,71,202.9,No Prazo
VJ-10718,01/04/2026,Própria,PR-P042,Motorista_009,Silo Pato Branco -> Indústria Esmagadora (PR),140,48.7,59.91,2917.62,71.8,1.95,441.57,85.0,63.0,769.57,2148.05,5.5,15.8,2.5,2.5,0.7,5.7,74,192.4,No Prazo
VJ-10719,01/04/2026,Dedicada,PR-D023,Motorista_058,Silo Pato Branco -> Indústria Esmagadora (PR),140,48.6,50.83,2470.34,77.8,1.8,478.47,85.0,0.0,563.47,1906.87,4.02,11.59,2.7,2.9,1.0,6.6,89,208.5,No Prazo
VJ-10720,02/04/2026,Dedicada,PR-D150,Motorista_098,Silo Capanema -> Porto de Itaqui (MA) [Arco Norte],2100,48.07,293.78,14122.0,1193.2,1.76,7338.18,180.0,0.0,7518.18,6603.82,3.58,156.4,34.1,1.7,8.5,44.3,76,3197.8,No Prazo
VJ-10721,02/04/2026,Dedicada,PR-D010,Motorista_114,Silo Francisco Beltrão -> Porto de Paranaguá (PR),580,48.26,181.82,8774.63,315.2,1.84,1938.48,340.0,0.0,2278.48,6496.15,3.93,47.21,10.4,2.3,3.3,16.0,92,844.7,No Prazo
VJ-10722,02/04/2026,Dedicada,PR-D034,Motorista_014,Silo Francisco Beltrão -> Porto de Paranaguá (PR),580,50.04,199.27,9971.47,329.5,1.76,2026.43,340.0,0.0,2366.43,7605.04,4.08,47.29,9.6,1.7,13.8,25.1,70,883.1,No Prazo
VJ-10723,02/04/2026,Dedicada,PR-D182,Motorista_132,Silo Dois Vizinhos -> Terminal Mairinque (SP),620,49.96,215.01,10741.9,346.4,1.79,2130.36,410.0,0.0,2540.36,8201.54,4.1,50.85,11.7,1.6,0.5,13.8,69,928.4,No Prazo
VJ-10724,02/04/2026,Dedicada,PR-D009,Motorista_069,Silo Dois Vizinhos -> Terminal Mairinque (SP),620,49.71,194.12,9649.71,335.1,1.85,2060.87,410.0,0.0,2470.87,7178.84,3.99,49.71,11.5,1.9,1.2,14.6,60,898.1,No Prazo
VJ-10725,02/04/2026,Dedicada,PR-D062,Motorista_020,Silo Francisco Beltrão -> Porto de Paranaguá (PR),580,50.05,194.22,9720.71,311.8,1.86,1917.57,340.0,0.0,2257.57,7463.14,3.89,45.11,10.2,0.5,32.0,42.7,71,835.6,No Prazo
VJ-10726,02/04/2026,Dedicada,PR-D077,Motorista_010,Silo Pato Branco -> Indústria Esmagadora (PR),140,49.5,45.61,2257.7,78.2,1.79,480.93,85.0,0.0,565.93,1691.77,4.04,11.43,2.6,1.1,1.1,4.8,96,209.6,No Prazo
VJ-10727,02/04/2026,Dedicada,PR-D105,Motorista_004,Silo Realeza -> Transbordo Ferroviário (PR),280,50.43,97.93,4938.61,168.7,1.66,1037.5,160.0,0.0,1197.5,3741.11,4.28,23.75,4.8,1.8,0.9,7.5,92,452.1,No Prazo
VJ-10728,02/04/2026,Dedicada,PR-D103,Motorista_046,Silo Francisco Beltrão -> Porto de Paranaguá (PR),580,49.9,188.3,9396.17,343.2,1.69,2110.68,340.0,0.0,2450.68,6945.49,4.23,49.11,11.1,2.6,1.5,15.2,83,919.8,No Prazo
VJ-10729,02/04/2026,Dedicada,PR-D129,Motorista_136,Silo Pato Branco -> Indústria Esmagadora (PR),140,50.42,55.94,2820.49,76.1,1.84,468.02,85.0,0.0,553.02,2267.47,3.95,10.97,2.6,1.4,1.8,5.8,92,203.9,No Prazo
VJ-10730,02/04/2026,Dedicada,PR-D017,Motorista_006,Silo Francisco Beltrão -> Porto de Paranaguá (PR),580,50.39,204.72,10315.84,313.5,1.85,1928.02,340.0,0.0,2268.02,8047.82,3.91,45.01,10.2,3.8,0.5,14.5,75,840.2,Atrasado (Fila)
VJ-10731,02/04/2026,Dedicada,PR-D066,Motorista_077,Silo Dois Vizinhos -> Terminal Mairinque (SP),620,50.01,213.71,10687.64,373.5,1.66,2297.02,410.0,0.0,2707.02,7980.62,4.37,54.13,9.9,0.5,1.7,12.1,93,1001.0,No Prazo
VJ-10732,03/04/2026,Dedicada,PR-D102,Motorista_045,Silo Pato Branco -> Indústria Esmagadora (PR),140,49.48,50.05,2476.47,81.9,1.71,503.69,85.0,0.0,588.69,1887.78,4.2,11.9,2.2,3.4,0.5,6.1,65,219.5,No Prazo
VJ-10733,03/04/2026,Dedicada,PR-D001,Motorista_138,Silo Francisco Beltrão -> Porto de Paranaguá (PR),580,48.8,207.14,10108.43,327.7,1.77,2015.36,340.0,0.0,2355.36,7753.07,4.06,48.27,10.3,3.7,6.4,20.4,67,878.2,No Prazo
VJ-10734,03/04/2026,Dedicada,PR-D049,Motorista_056,Silo Dois Vizinhos -> Terminal Mairinque (SP),620,49.93,209.24,10447.35,348.3,1.78,2142.04,410.0,0.0,2552.04,7895.31,4.12,51.11,11.5,2.8,0.6,14.9,73,933.4,No Prazo
VJ-10735,03/04/2026,Dedicada,PR-D118,Motorista_126,Silo Dois Vizinhos -> Terminal Mairinque (SP),620,48.84,212.91,10398.52,358.4,1.73,2204.16,410.0,0.0,2614.16,7784.36,4.22,53.52,10.0,3.0,0.5,13.5,81,960.5,No Prazo
VJ-10736,03/04/2026,Dedicada,PR-D151,Motorista_149,Silo Capanema -> Porto de Itaqui (MA) [Arco Norte],2100,49.44,287.76,14226.85,1186.4,1.77,7296.36,180.0,0.0,7476.36,6750.49,3.56,151.22,39.1,2.7,7.7,49.5,88,3179.6,No Prazo
VJ-10737,03/04/2026,Dedicada,PR-D210,Motorista_031,Silo Francisco Beltrão -> Porto de Paranaguá (PR),580,48.47,193.29,9368.77,333.3,1.74,2049.8,340.0,0.0,2389.8,6978.97,4.12,49.3,9.3,0.8,3.6,13.7,71,893.2,No Prazo
VJ-10738,03/04/2026,Dedicada,PR-D076,Motorista_032,Silo Realeza -> Transbordo Ferroviário (PR),280,49.03,94.91,4653.44,155.6,1.8,956.94,160.0,0.0,1116.94,3536.5,3.99,22.78,4.6,0.9,1.9,7.4,77,417.0,No Prazo
VJ-10739,03/04/2026,Própria,PR-P009,Motorista_083,Silo Dois Vizinhos -> Terminal Mairinque (SP),620,50.33,198.66,9998.56,324.6,1.91,1996.29,410.0,279.0,2865.29,7133.27,4.62,56.93,11.4,2.5,1.6,15.5,73,869.9,No Prazo
VJ-10740,03/04/2026,Dedicada,PR-D203,Motorista_139,Silo Pato Branco -> Indústria Esmagadora (PR),140,50.38,58.0,2922.04,80.9,1.73,497.54,85.0,0.0,582.54,2339.5,4.16,11.56,2.4,1.0,0.8,4.2,92,216.8,Atrasado (Fila)
VJ-10741,03/04/2026,Dedicada,PR-D132,Motorista_057,Silo Capanema -> Porto de Itaqui (MA) [Arco Norte],2100,50.06,310.34,15535.62,1135.1,1.85,6980.86,180.0,0.0,7160.86,8374.76,3.41,143.05,37.8,1.1,6.5,45.4,95,3042.1,No Prazo
VJ-10742,03/04/2026,Dedicada,PR-D160,Motorista_137,Silo Pato Branco -> Indústria Esmagadora (PR),140,49.64,52.48,2605.11,81.9,1.71,503.69,85.0,0.0,588.69,2016.42,4.2,11.86,2.7,1.5,0.8,5.0,61,219.5,No Prazo
VJ-10743,03/04/2026,Dedicada,PR-D023,Motorista_093,Silo Francisco Beltrão -> Porto de Paranaguá (PR),580,48.59,191.43,9301.58,313.5,1.85,1928.02,340.0,0.0,2268.02,7033.56,3.91,46.68,10.9,0.5,3.1,14.5,70,840.2,No Prazo
VJ-10744,04/04/2026,Dedicada,PR-D050,Motorista_122,Silo Pato Branco -> Indústria Esmagadora (PR),140,50.36,59.17,2979.8,81.4,1.72,500.61,85.0,0.0,585.61,2394.19,4.18,11.63,2.6,2.0,1.2,5.8,77,218.2,No Prazo
VJ-10745,04/04/2026,Dedicada,PR-D015,Motorista_041,Silo Francisco Beltrão -> Porto de Paranaguá (PR),580,49.17,183.37,9016.3,324.0,1.79,1992.6,340.0,0.0,2332.6,6683.7,4.02,47.44,9.9,2.2,4.6,16.7,81,868.3,No Prazo
VJ-10746,04/04/2026,Própria,PR-P004,Motorista_026,Silo Francisco Beltrão -> Porto de Paranaguá (PR),580,50.11,209.11,10478.5,313.5,1.85,1928.02,340.0,261.0,2709.02,7769.48,4.67,54.06,10.5,2.3,17.3,30.1,64,840.2,No Prazo
VJ-10747,04/04/2026,Dedicada,PR-D157,Motorista_036,Silo Francisco Beltrão -> Porto de Paranaguá (PR),580,48.24,188.41,9088.9,327.7,1.77,2015.36,340.0,0.0,2355.36,6733.54,4.06,48.83,11.0,0.5,3.0,14.5,90,878.2,No Prazo
VJ-10748,04/04/2026,Dedicada,PR-D067,Motorista_097,Silo Realeza -> Transbordo Ferroviário (PR),280,49.92,91.15,4550.21,150.5,1.86,925.58,160.0,0.0,1085.58,3464.63,3.88,21.75,4.6,1.9,1.8,8.3,91,403.3,No Prazo
VJ-10749,04/04/2026,Própria,PR-P041,Motorista_094,Silo Francisco Beltrão -> Porto de Paranaguá (PR),580,50.08,188.73,9451.6,302.1,1.92,1857.92,340.0,261.0,2638.92,6812.68,4.55,52.69,10.8,3.2,7.0,21.0,81,809.6,No Prazo
VJ-10750,04/04/2026,Dedicada,PR-D054,Motorista_140,Silo Pato Branco -> Indústria Esmagadora (PR),140,50.3,55.13,2773.04,77.3,1.81,475.4,85.0,0.0,560.4,2212.64,4.0,11.14,2.4,1.1,1.4,4.9,62,207.2,No Prazo
VJ-10751,04/04/2026,Própria,PR-P034,Motorista_075,Silo Francisco Beltrão -> Porto de Paranaguá (PR),580,49.14,201.07,9880.58,315.2,1.84,1938.48,340.0,261.0,2719.48,7161.1,4.69,55.34,10.4,3.9,9.2,23.5,76,844.7,No Prazo
VJ-10752,04/04/2026,Dedicada,PR-D165,Motorista_008,Silo Capanema -> Porto de Itaqui (MA) [Arco Norte],2100,50.22,280.64,14093.74,1179.8,1.78,7255.77,180.0,0.0,7435.77,6657.97,3.54,148.06,37.3,2.1,2.5,41.9,78,3161.9,No Prazo
VJ-10753,04/04/2026,Dedicada,PR-D100,Motorista_113,Silo Realeza -> Transbordo Ferroviário (PR),280,48.61,90.24,4386.57,152.2,1.84,936.03,160.0,0.0,1096.03,3290.54,3.91,22.55,4.6,3.1,1.2,8.9,72,407.9,No Prazo
VJ-10754,04/04/2026,Própria,PR-P038,Motorista_046,Silo Capanema -> Porto de Itaqui (MA) [Arco Norte],2100,50.28,315.52,15864.35,1039.6,2.02,6393.54,180.0,945.0,7698.54,8165.81,3.67,153.11,36.2,1.0,10.9,48.1,65,2786.1,No Prazo
VJ-10755,04/04/2026,Dedicada,PR-D020,Motorista_143,Silo Dois Vizinhos -> Terminal Mairinque (SP),620,48.23,203.61,9820.11,366.9,1.69,2256.44,410.0,0.0,2666.44,7153.67,4.3,55.29,10.0,3.6,1.2,14.8,61,983.3,No Prazo
VJ-10756,05/04/2026,Dedicada,PR-D099,Motorista_135,Silo Pato Branco -> Indústria Esmagadora (PR),140,49.75,55.86,2779.04,76.5,1.83,470.48,85.0,0.0,555.48,2223.56,3.97,11.17,2.6,1.5,1.6,5.7,64,205.0,No Prazo
VJ-10757,05/04/2026,Dedicada,PR-D045,Motorista_096,Silo Dois Vizinhos -> Terminal Mairinque (SP),620,49.45,203.25,10050.71,333.3,1.86,2049.8,410.0,0.0,2459.8,7590.91,3.97,49.74,10.1,3.2,0.9,14.2,83,893.2,No Prazo
VJ-10758,05/04/2026,Dedicada,PR-D174,Motorista_031,Silo Realeza -> Transbordo Ferroviário (PR),280,49.89,90.61,4520.53,152.2,1.84,936.03,160.0,0.0,1096.03,3424.5,3.91,21.97,4.7,1.2,1.6,7.5,90,407.9,No Prazo
VJ-10759,05/04/2026,Dedicada,PR-D158,Motorista_063,Silo Dois Vizinhos -> Terminal Mairinque (SP),620,49.57,202.67,10046.35,371.3,1.67,2283.5,410.0,0.0,2693.5,7352.85,4.34,54.34,10.8,3.0,2.0,15.8,66,995.1,No Prazo
VJ-10760,05/04/2026,Dedicada,PR-D071,Motorista_056,Silo Pato Branco -> Indústria Esmagadora (PR),140,48.02,54.51,2617.57,76.1,1.84,468.02,85.0,0.0,553.02,2064.55,3.95,11.52,2.7,1.6,1.2,5.5,64,203.9,No Prazo
VJ-10761,05/04/2026,Dedicada,PR-D051,Motorista_041,Silo Dois Vizinhos -> Terminal Mairinque (SP),620,49.47,218.72,10820.08,331.6,1.87,2039.34,410.0,0.0,2449.34,8370.74,3.95,49.51,9.9,3.5,1.0,14.4,74,888.7,No Prazo
VJ-10762,05/04/2026,Dedicada,PR-D075,Motorista_046,Silo Francisco Beltrão -> Porto de Paranaguá (PR),580,48.07,193.34,9293.85,320.4,1.81,1970.46,340.0,0.0,2310.46,6983.39,3.98,48.06,10.0,2.4,1.5,13.9,79,858.7,No Prazo
VJ-10763,05/04/2026,Dedicada,PR-D085,Motorista_069,Silo Realeza -> Transbordo Ferroviário (PR),280,50.43,103.41,5214.97,158.2,1.77,972.93,160.0,0.0,1132.93,4082.04,4.05,22.47,4.7,2.6,1.7,9.0,62,424.0,No Prazo
VJ-10764,05/04/2026,Dedicada,PR-D083,Motorista_131,Silo Realeza -> Transbordo Ferroviário (PR),280,48.61,107.34,5217.8,165.7,1.69,1019.06,160.0,0.0,1179.06,4038.74,4.21,24.26,4.5,2.4,0.6,7.5,66,444.1,No Prazo
VJ-10765,05/04/2026,Própria,PR-P018,Motorista_042,Silo Pato Branco -> Indústria Esmagadora (PR),140,50.02,48.68,2434.97,68.6,2.04,421.89,85.0,63.0,749.89,1685.08,5.36,14.99,2.4,3.2,1.4,7.0,95,183.8,No Prazo
VJ-10766,05/04/2026,Dedicada,PR-D167,Motorista_002,Silo Capanema -> Porto de Itaqui (MA) [Arco Norte],2100,48.1,298.53,14359.29,1153.8,1.82,7095.87,180.0,0.0,7275.87,7083.42,3.46,151.27,36.1,2.3,7.4,45.8,95,3092.2,No Prazo
VJ-10767,05/04/2026,Própria,PR-P027,Motorista_088,Silo Realeza -> Transbordo Ferroviário (PR),280,49.05,106.75,5236.09,143.6,1.95,883.14,160.0,126.0,1349.14,3886.95,4.82,27.51,4.9,3.0,1.7,9.6,76,384.8,No Prazo
VJ-10768,06/04/2026,Dedicada,PR-D099,Motorista_062,Silo Francisco Beltrão -> Porto de Paranaguá (PR),580,49.84,204.58,10196.27,331.4,1.75,2038.11,340.0,0.0,2378.11,7818.16,4.1,47.71,9.9,0.7,4.9,15.5,64,888.2,No Prazo
VJ-10769,06/04/2026,Dedicada,PR-D130,Motorista_014,Silo Pato Branco -> Indústria Esmagadora (PR),140,48.84,57.17,2792.18,84.3,1.66,518.45,85.0,0.0,603.45,2188.73,4.31,12.36,2.7,2.2,1.2,6.1,94,225.9,No Prazo
VJ-10770,06/04/2026,Dedicada,PR-D197,Motorista_072,Silo Dois Vizinhos -> Terminal Mairinque (SP),620,49.82,194.8,9704.94,371.3,1.67,2283.5,410.0,0.0,2693.5,7011.44,4.34,54.06,10.7,2.3,2.0,15.0,84,995.1,No Prazo
VJ-10771,06/04/2026,Dedicada,PR-D055,Motorista_023,Silo Francisco Beltrão -> Porto de Paranaguá (PR),580,50.5,187.64,9475.82,322.2,1.8,1981.53,340.0,0.0,2321.53,7154.29,4.0,45.97,11.1,1.7,19.2,32.0,92,863.5,No Prazo
VJ-10772,06/04/2026,Dedicada,PR-D209,Motorista_102,Silo Pato Branco -> Indústria Esmagadora (PR),140,48.59,52.63,2557.29,78.2,1.79,480.93,85.0,0.0,565.93,1991.36,4.04,11.65,2.4,2.0,0.7,5.1,65,209.6,No Prazo
VJ-10773,06/04/2026,Dedicada,PR-D108,Motorista_049,Silo Realeza -> Transbordo Ferroviário (PR),280,48.63,104.87,5099.83,168.7,1.66,1037.5,160.0,0.0,1197.5,3902.33,4.28,24.62,5.2,0.6,1.3,7.1,69,452.1,No Prazo
VJ-10774,06/04/2026,Dedicada,PR-D004,Motorista_092,Silo Pato Branco -> Indústria Esmagadora (PR),140,48.98,55.73,2729.66,78.2,1.79,480.93,85.0,0.0,565.93,2163.73,4.04,11.55,2.6,3.1,0.8,6.5,85,209.6,No Prazo
VJ-10775,06/04/2026,Dedicada,PR-D183,Motorista_148,Silo Pato Branco -> Indústria Esmagadora (PR),140,48.42,55.9,2706.68,74.9,1.87,460.64,85.0,0.0,545.64,2161.04,3.9,11.27,2.6,0.9,1.1,4.6,91,200.7,No Prazo
VJ-10776,06/04/2026,Dedicada,PR-D208,Motorista_098,Silo Francisco Beltrão -> Porto de Paranaguá (PR),580,49.08,196.12,9625.57,331.4,1.75,2038.11,340.0,0.0,2378.11,7247.46,4.1,48.45,10.5,3.2,2.8,16.5,86,888.2,No Prazo
VJ-10777,06/04/2026,Dedicada,PR-D109,Motorista_062,Silo Francisco Beltrão -> Porto de Paranaguá (PR),580,49.11,195.22,9587.25,311.8,1.86,1917.57,340.0,0.0,2257.57,7329.68,3.89,45.97,10.9,2.2,10.0,23.1,84,835.6,No Prazo
VJ-10778,06/04/2026,Dedicada,PR-D118,Motorista_080,Silo Francisco Beltrão -> Porto de Paranaguá (PR),580,50.38,196.42,9895.64,329.5,1.76,2026.43,340.0,0.0,2366.43,7529.21,4.08,46.97,9.7,2.3,3.8,15.8,61,883.1,No Prazo
VJ-10779,06/04/2026,Dedicada,PR-D110,Motorista_098,Silo Capanema -> Porto de Itaqui (MA) [Arco Norte],2100,50.01,314.07,15706.64,1242.6,1.69,7641.99,180.0,0.0,7821.99,7884.65,3.72,156.41,34.0,1.7,1.7,37.4,62,3330.2,No Prazo
VJ-10780,07/04/2026,Dedicada,PR-D127,Motorista_046,Silo Francisco Beltrão -> Porto de Paranaguá (PR),580,49.34,203.7,10050.56,310.2,1.87,1907.73,340.0,0.0,2247.73,7802.83,3.88,45.56,11.1,2.9,13.0,27.0,88,831.3,No Prazo
VJ-10781,07/04/2026,Dedicada,PR-D118,Motorista_123,Silo Pato Branco -> Indústria Esmagadora (PR),140,48.93,53.52,2618.73,80.5,1.74,495.08,85.0,0.0,580.08,2038.65,4.14,11.86,2.2,1.6,1.4,5.2,90,215.7,No Prazo
VJ-10782,07/04/2026,Dedicada,PR-D088,Motorista_065,Silo Realeza -> Transbordo Ferroviário (PR),280,50.2,92.67,4652.03,165.7,1.69,1019.06,160.0,0.0,1179.06,3472.97,4.21,23.49,4.8,1.7,1.3,7.8,98,444.1,No Prazo
VJ-10783,07/04/2026,Dedicada,PR-D155,Motorista_122,Silo Realeza -> Transbordo Ferroviário (PR),280,49.21,95.67,4707.92,150.5,1.86,925.58,160.0,0.0,1085.58,3622.34,3.88,22.06,5.3,1.8,1.3,8.4,97,403.3,Atrasado (Fila)
VJ-10784,07/04/2026,Dedicada,PR-D151,Motorista_071,Silo Francisco Beltrão -> Porto de Paranaguá (PR),580,49.1,200.09,9824.42,343.2,1.69,2110.68,340.0,0.0,2450.68,7373.74,4.23,49.91,11.0,2.1,66.0,79.1,77,919.8,No Prazo
VJ-10785,07/04/2026,Própria,PR-P027,Motorista_092,Silo Capanema -> Porto de Itaqui (MA) [Arco Norte],2100,48.09,310.03,14909.34,1135.1,1.85,6980.86,180.0,945.0,8285.86,6623.48,3.95,172.3,34.2,0.9,0.7,35.8,78,3042.1,No Prazo
VJ-10786,07/04/2026,Dedicada,PR-D004,Motorista_145,Silo Francisco Beltrão -> Porto de Paranaguá (PR),580,49.39,187.6,9265.56,310.2,1.87,1907.73,340.0,0.0,2247.73,7017.83,3.88,45.51,9.2,1.1,10.3,20.6,78,831.3,No Prazo
VJ-10787,07/04/2026,Própria,PR-P025,Motorista_146,Silo Francisco Beltrão -> Porto de Paranaguá (PR),580,48.75,183.17,8929.54,290.0,2.0,1783.5,340.0,261.0,2564.5,6365.04,4.42,52.61,9.6,1.0,2.0,12.6,83,777.2,No Prazo
VJ-10788,07/04/2026,Própria,PR-P022,Motorista_022,Silo Francisco Beltrão -> Porto de Paranaguá (PR),580,48.34,186.65,9022.66,284.3,2.04,1748.45,340.0,261.0,2529.45,6493.21,4.36,52.33,9.4,3.6,3.7,16.7,86,761.9,No Prazo
VJ-10789,07/04/2026,Própria,PR-P034,Motorista_061,Silo Pato Branco -> Indústria Esmagadora (PR),140,50.06,53.12,2659.19,70.4,1.99,432.96,85.0,63.0,760.96,1898.23,5.44,15.2,2.2,2.1,1.7,6.0,62,188.7,No Prazo
VJ-10790,07/04/2026,Dedicada,PR-D127,Motorista_064,Silo Francisco Beltrão -> Porto de Paranaguá (PR),580,48.75,208.81,10179.49,313.5,1.85,1928.02,340.0,0.0,2268.02,7911.47,3.91,46.52,10.1,1.3,8.2,19.6,89,840.2,No Prazo
VJ-10791,07/04/2026,Dedicada,PR-D019,Motorista_140,Silo Capanema -> Porto de Itaqui (MA) [Arco Norte],2100,48.13,318.9,15348.66,1160.2,1.81,7135.23,180.0,0.0,7315.23,8033.43,3.48,151.99,36.8,2.2,2.3,41.3,80,3109.3,No Prazo
VJ-10792,08/04/2026,Dedicada,PR-D020,Motorista_008,Silo Capanema -> Porto de Itaqui (MA) [Arco Norte],2100,49.39,297.74,14705.38,1257.5,1.67,7733.62,180.0,0.0,7913.62,6791.76,3.77,160.23,36.4,3.5,6.3,46.2,78,3370.1,No Prazo
VJ-10793,08/04/2026,Dedicada,PR-D141,Motorista_145,Silo Francisco Beltrão -> Porto de Paranaguá (PR),580,48.53,190.94,9266.32,345.2,1.68,2122.98,340.0,0.0,2462.98,6803.34,4.25,50.75,10.4,2.2,7.1,19.7,68,925.1,No Prazo
VJ-10794,08/04/2026,Dedicada,PR-D010,Motorista_119,Silo Pato Branco -> Indústria Esmagadora (PR),140,50.46,55.0,2775.3,75.3,1.86,463.1,85.0,0.0,548.1,2227.2,3.92,10.86,2.3,2.8,2.0,7.1,74,201.8,No Prazo
VJ-10795,08/04/2026,Dedicada,PR-D109,Motorista_031,Silo Realeza -> Transbordo Ferroviário (PR),280,50.06,99.77,4994.49,150.5,1.86,925.58,160.0,0.0,1085.58,3908.91,3.88,21.69,4.6,2.9,1.7,9.2,62,403.3,No Prazo
VJ-10796,08/04/2026,Dedicada,PR-D108,Motorista_115,Silo Francisco Beltrão -> Porto de Paranaguá (PR),580,49.05,204.54,10032.69,339.2,1.71,2086.08,340.0,0.0,2426.08,7606.61,4.18,49.46,10.5,2.8,7.2,20.5,94,909.1,No Prazo
VJ-10797,08/04/2026,Dedicada,PR-D032,Motorista_019,Silo Francisco Beltrão -> Porto de Paranaguá (PR),580,48.9,203.35,9943.81,333.3,1.74,2049.8,340.0,0.0,2389.8,7554.01,4.12,48.87,11.1,3.4,2.6,17.1,92,893.2,No Prazo
VJ-10798,08/04/2026,Dedicada,PR-D106,Motorista_060,Silo Pato Branco -> Indústria Esmagadora (PR),140,48.97,59.97,2936.73,79.5,1.76,488.92,85.0,0.0,573.92,2362.81,4.1,11.72,2.3,2.8,1.7,6.8,69,213.1,No Prazo
VJ-10799,08/04/2026,Dedicada,PR-D187,Motorista_074,Silo Dois Vizinhos -> Terminal Mairinque (SP),620,48.93,209.44,10247.9,342.5,1.81,2106.38,410.0,0.0,2516.38,7731.52,4.06,51.43,11.0,1.5,1.5,14.0,83,917.9,No Prazo
VJ-10800,08/04/2026,Dedicada,PR-D025,Motorista_053,Silo Francisco Beltrão -> Porto de Paranaguá (PR),580,49.05,184.73,9061.01,325.8,1.78,2003.67,340.0,0.0,2343.67,6717.34,4.04,47.78,10.0,3.3,0.7,14.0,94,873.1,No Prazo
VJ-10801,08/04/2026,Dedicada,PR-D210,Motorista_025,Silo Realeza -> Transbordo Ferroviário (PR),280,48.45,109.7,5314.96,162.8,1.72,1001.22,160.0,0.0,1161.22,4153.74,4.15,23.97,5.3,1.4,1.9,8.6,71,436.3,No Prazo
VJ-10802,08/04/2026,Dedicada,PR-D117,Motorista_138,Silo Pato Branco -> Indústria Esmagadora (PR),140,49.34,53.4,2634.76,77.3,1.81,475.4,85.0,0.0,560.4,2074.36,4.0,11.36,2.2,2.7,1.1,6.0,73,207.2,Atrasado (Fila)
VJ-10803,08/04/2026,Dedicada,PR-D167,Motorista_037,Silo Dois Vizinhos -> Terminal Mairinque (SP),620,48.56,198.17,9623.14,373.5,1.66,2297.02,410.0,0.0,2707.02,6916.12,4.37,55.75,11.8,3.3,0.5,15.6,83,1001.0,Atrasado (Manutenção)
VJ-10804,09/04/2026,Dedicada,PR-D097,Motorista_067,Silo Pato Branco -> Indústria Esmagadora (PR),140,50.41,50.17,2529.07,79.5,1.76,488.92,85.0,0.0,573.92,1955.15,4.1,11.39,2.3,2.2,1.1,5.6,63,213.1,No Prazo
VJ-10805,09/04/2026,Dedicada,PR-D168,Motorista_025,Silo Pato Branco -> Indústria Esmagadora (PR),140,49.98,53.07,2652.44,80.0,1.75,492.0,85.0,0.0,577.0,2075.44,4.12,11.54,2.6,3.0,2.0,7.6,62,214.4,No Prazo
VJ-10806,09/04/2026,Dedicada,PR-D151,Motorista_070,Silo Pato Branco -> Indústria Esmagadora (PR),140,50.02,55.93,2797.62,83.3,1.68,512.29,85.0,0.0,597.29,2200.33,4.27,11.94,2.6,2.2,1.0,5.8,81,223.2,No Prazo
VJ-10807,09/04/2026,Dedicada,PR-D153,Motorista_109,Silo Pato Branco -> Indústria Esmagadora (PR),140,48.24,45.09,2175.14,75.7,1.85,465.56,85.0,0.0,550.56,1624.58,3.93,11.41,2.3,0.9,1.7,4.9,70,202.9,No Prazo
VJ-10808,09/04/2026,Dedicada,PR-D035,Motorista_025,Silo Francisco Beltrão -> Porto de Paranaguá (PR),580,50.27,196.24,9864.98,315.2,1.84,1938.48,340.0,0.0,2278.48,7586.5,3.93,45.32,10.4,0.6,10.0,21.0,88,844.7,No Prazo
VJ-10809,09/04/2026,Dedicada,PR-D169,Motorista_071,Silo Dois Vizinhos -> Terminal Mairinque (SP),620,48.45,211.86,10264.62,348.3,1.78,2142.04,410.0,0.0,2552.04,7712.58,4.12,52.67,11.7,2.0,1.2,14.9,68,933.4,No Prazo
VJ-10810,09/04/2026,Dedicada,PR-D164,Motorista_060,Silo Pato Branco -> Indústria Esmagadora (PR),140,50.35,46.98,2365.44,76.9,1.82,472.94,85.0,0.0,557.94,1807.5,3.99,11.08,2.5,1.7,1.1,5.3,82,206.1,Atrasado (Fila)
VJ-10811,09/04/2026,Dedicada,PR-D053,Motorista_125,Silo Dois Vizinhos -> Terminal Mairinque (SP),620,49.94,216.72,10823.0,350.3,1.77,2154.35,410.0,0.0,2564.35,8258.65,4.14,51.35,11.9,1.7,0.7,14.3,93,938.8,No Prazo
VJ-10812,09/04/2026,Dedicada,PR-D117,Motorista_042,Silo Capanema -> Porto de Itaqui (MA) [Arco Norte],2100,49.49,293.4,14520.37,1135.1,1.85,6980.86,180.0,0.0,7160.86,7359.51,3.41,144.69,34.6,2.7,6.2,43.5,96,3042.1,No Prazo
VJ-10813,09/04/2026,Dedicada,PR-D038,Motorista_099,Silo Realeza -> Transbordo Ferroviário (PR),280,50.05,95.99,4804.3,166.7,1.68,1025.2,160.0,0.0,1185.2,3619.1,4.23,23.68,4.8,2.4,1.8,9.0,72,446.8,No Prazo
VJ-10814,09/04/2026,Dedicada,PR-D184,Motorista_002,Silo Francisco Beltrão -> Porto de Paranaguá (PR),580,50.06,187.16,9369.23,329.5,1.76,2026.43,340.0,0.0,2366.43,7002.8,4.08,47.27,10.0,2.6,0.8,13.4,65,883.1,No Prazo
VJ-10815,09/04/2026,Própria,PR-P005,Motorista_004,Silo Pato Branco -> Indústria Esmagadora (PR),140,50.04,55.5,2777.22,69.3,2.02,426.2,85.0,63.0,754.2,2023.02,5.39,15.07,2.3,2.5,0.6,5.4,77,185.7,No Prazo
VJ-10816,10/04/2026,Dedicada,PR-D080,Motorista_102,Silo Francisco Beltrão -> Porto de Paranaguá (PR),580,50.19,198.08,9941.64,322.2,1.8,1981.53,340.0,0.0,2321.53,7620.11,4.0,46.25,10.6,1.3,3.0,14.9,99,863.5,No Prazo
VJ-10817,10/04/2026,Dedicada,PR-D182,Motorista_104,Silo Dois Vizinhos -> Terminal Mairinque (SP),620,49.34,217.45,10728.98,335.1,1.85,2060.87,410.0,0.0,2470.87,8258.11,3.99,50.08,10.8,3.4,0.7,14.9,66,898.1,No Prazo
VJ-10818,10/04/2026,Dedicada,PR-D171,Motorista_003,Silo Dois Vizinhos -> Terminal Mairinque (SP),620,48.8,217.1,10594.48,344.4,1.8,2118.06,410.0,0.0,2528.06,8066.42,4.08,51.8,11.4,2.5,1.4,15.3,65,923.0,Atrasado (Fila)
VJ-10819,10/04/2026,Dedicada,PR-D171,Motorista_028,Silo Capanema -> Porto de Itaqui (MA) [Arco Norte],2100,50.13,319.63,16023.05,1193.2,1.76,7338.18,180.0,0.0,7518.18,8504.87,3.58,149.97,40.0,3.9,1.3,45.2,90,3197.8,No Prazo
VJ-10820,10/04/2026,Própria,PR-P018,Motorista_123,Silo Realeza -> Transbordo Ferroviário (PR),280,49.05,109.59,5375.39,140.7,1.99,865.3,160.0,126.0,1331.3,4044.09,4.75,27.14,4.9,3.3,1.9,10.1,60,377.1,Atrasado (Fila)
VJ-10821,10/04/2026,Dedicada,PR-D201,Motorista_063,Silo Pato Branco -> Indústria Esmagadora (PR),140,48.34,53.33,2577.97,83.3,1.68,512.29,85.0,0.0,597.29,1980.68,4.27,12.36,2.6,2.4,1.0,6.0,99,223.2,Atrasado (Manutenção)
VJ-10822,10/04/2026,Dedicada,PR-D053,Motorista_105,Silo Capanema -> Porto de Itaqui (MA) [Arco Norte],2100,48.4,316.82,15334.09,1160.2,1.81,7135.23,180.0,0.0,7315.23,8018.86,3.48,151.14,36.7,2.8,33.0,72.5,88,3109.3,Atrasado (Manutenção)
VJ-10823,10/04/2026,Dedicada,PR-D113,Motorista_147,Silo Realeza -> Transbordo Ferroviário (PR),280,48.15,109.46,5270.5,154.7,1.81,951.4,160.0,0.0,1111.4,4159.1,3.97,23.08,5.1,1.1,1.6,7.8,60,414.6,No Prazo
VJ-10824,10/04/2026,Dedicada,PR-D163,Motorista_094,Silo Pato Branco -> Indústria Esmagadora (PR),140,49.41,48.31,2387.0,76.5,1.83,470.48,85.0,0.0,555.48,1831.52,3.97,11.24,2.7,2.0,1.3,6.0,89,205.0,No Prazo
VJ-10825,10/04/2026,Dedicada,PR-D033,Motorista_028,Silo Francisco Beltrão -> Porto de Paranaguá (PR),580,49.64,197.0,9779.08,329.5,1.76,2026.43,340.0,0.0,2366.43,7412.65,4.08,47.67,11.1,0.6,1.5,13.2,62,883.1,No Prazo
VJ-10826,10/04/2026,Dedicada,PR-D181,Motorista_038,Silo Pato Branco -> Indústria Esmagadora (PR),140,50.0,56.33,2816.5,76.5,1.83,470.48,85.0,0.0,555.48,2261.02,3.97,11.11,2.6,3.0,1.6,7.2,99,205.0,Atrasado (Fila)
VJ-10827,10/04/2026,Própria,PR-P037,Motorista_061,Silo Francisco Beltrão -> Porto de Paranaguá (PR),580,49.47,197.95,9792.59,285.7,2.03,1757.06,340.0,261.0,2538.06,7254.53,4.38,51.31,10.1,1.2,10.6,21.9,89,765.7,No Prazo
VJ-10828,11/04/2026,Dedicada,PR-D080,Motorista_013,Silo Pato Branco -> Indústria Esmagadora (PR),140,48.38,45.8,2215.8,77.3,1.81,475.4,85.0,0.0,560.4,1655.4,4.0,11.58,2.4,3.4,1.7,7.5,69,207.2,No Prazo
VJ-10829,11/04/2026,Dedicada,PR-D093,Motorista_139,Silo Francisco Beltrão -> Porto de Paranaguá (PR),580,49.89,195.24,9740.52,324.0,1.79,1992.6,340.0,0.0,2332.6,7407.92,4.02,46.75,10.2,3.5,4.3,18.0,65,868.3,No Prazo
VJ-10830,11/04/2026,Própria,PR-P039,Motorista_088,Silo Pato Branco -> Indústria Esmagadora (PR),140,48.64,57.78,2810.42,75.7,1.85,465.56,85.0,63.0,793.56,2016.86,5.67,16.31,2.5,3.4,1.9,7.8,78,202.9,No Prazo
VJ-10831,11/04/2026,Própria,PR-P027,Motorista_004,Silo Capanema -> Porto de Itaqui (MA) [Arco Norte],2100,50.27,288.93,14524.51,1050.0,2.0,6457.5,180.0,945.0,7762.5,6762.01,3.7,154.42,37.5,3.9,6.3,47.7,69,2814.0,No Prazo
VJ-10832,11/04/2026,Dedicada,PR-D183,Motorista_058,Silo Pato Branco -> Indústria Esmagadora (PR),140,49.89,49.85,2487.02,80.9,1.73,497.54,85.0,0.0,582.54,1904.48,4.16,11.68,2.2,1.7,1.9,5.8,63,216.8,No Prazo
VJ-10833,11/04/2026,Dedicada,PR-D081,Motorista_041,Silo Capanema -> Porto de Itaqui (MA) [Arco Norte],2100,50.15,294.3,14759.14,1220.9,1.72,7508.54,180.0,0.0,7688.54,7070.6,3.66,153.31,37.3,0.9,19.9,58.1,80,3272.0,No Prazo
VJ-10834,11/04/2026,Dedicada,PR-D186,Motorista_123,Silo Francisco Beltrão -> Porto de Paranaguá (PR),580,49.91,190.14,9489.89,345.2,1.68,2122.98,340.0,0.0,2462.98,7026.91,4.25,49.35,9.3,2.6,4.7,16.6,62,925.1,No Prazo
VJ-10835,11/04/2026,Dedicada,PR-D177,Motorista_147,Silo Realeza -> Transbordo Ferroviário (PR),280,50.22,93.65,4703.1,165.7,1.69,1019.06,160.0,0.0,1179.06,3524.04,4.21,23.48,5.0,3.6,0.6,9.2,71,444.1,Atrasado (Fila)
VJ-10836,11/04/2026,Dedicada,PR-D165,Motorista_138,Silo Dois Vizinhos -> Terminal Mairinque (SP),620,50.08,197.84,9907.83,344.4,1.8,2118.06,410.0,0.0,2528.06,7379.77,4.08,50.48,11.5,3.4,0.9,15.8,99,923.0,No Prazo
VJ-10837,11/04/2026,Dedicada,PR-D142,Motorista_055,Silo Francisco Beltrão -> Porto de Paranaguá (PR),580,50.33,192.84,9705.64,333.3,1.74,2049.8,340.0,0.0,2389.8,7315.84,4.12,47.48,11.0,2.9,0.8,14.7,75,893.2,No Prazo
VJ-10838,11/04/2026,Dedicada,PR-D012,Motorista_075,Silo Realeza -> Transbordo Ferroviário (PR),280,50.4,90.32,4552.13,149.7,1.87,920.66,160.0,0.0,1080.66,3471.47,3.86,21.44,4.5,2.5,1.3,8.3,91,401.2,No Prazo
VJ-10839,11/04/2026,Própria,PR-P042,Motorista_024,Silo Capanema -> Porto de Itaqui (MA) [Arco Norte],2100,49.27,317.06,15621.55,1111.1,1.89,6833.26,180.0,945.0,8138.26,7483.29,3.88,165.18,34.3,3.1,15.3,52.7,78,2977.7,No Prazo
VJ-10840,12/04/2026,Própria,PR-P029,Motorista_125,Silo Dois Vizinhos -> Terminal Mairinque (SP),620,49.74,209.35,10413.07,303.9,2.04,1868.98,410.0,279.0,2737.98,7675.09,4.42,55.05,11.3,2.4,0.6,14.3,63,814.5,No Prazo
VJ-10841,12/04/2026,Dedicada,PR-D126,Motorista_066,Silo Francisco Beltrão -> Porto de Paranaguá (PR),580,48.27,209.3,10102.91,313.5,1.85,1928.02,340.0,0.0,2268.02,7834.89,3.91,46.99,9.5,1.1,0.9,11.5,99,840.2,No Prazo
VJ-10842,12/04/2026,Dedicada,PR-D192,Motorista_036,Silo Realeza -> Transbordo Ferroviário (PR),280,48.39,109.61,5304.03,163.7,1.71,1006.76,160.0,0.0,1166.76,4137.27,4.17,24.11,4.7,3.9,0.9,9.5,66,438.7,No Prazo
VJ-10843,12/04/2026,Dedicada,PR-D022,Motorista_129,Silo Francisco Beltrão -> Porto de Paranaguá (PR),580,50.36,200.17,10080.56,349.4,1.66,2148.81,340.0,0.0,2488.81,7591.75,4.29,49.42,11.1,3.0,12.5,26.6,88,936.4,No Prazo
VJ-10844,12/04/2026,Dedicada,PR-D175,Motorista_103,Silo Francisco Beltrão -> Porto de Paranaguá (PR),580,49.07,209.88,10298.81,343.2,1.69,2110.68,340.0,0.0,2450.68,7848.13,4.23,49.94,9.4,3.0,0.8,13.2,94,919.8,No Prazo
VJ-10845,12/04/2026,Dedicada,PR-D089,Motorista_066,Silo Dois Vizinhos -> Terminal Mairinque (SP),620,48.66,219.36,10674.06,358.4,1.73,2204.16,410.0,0.0,2614.16,8059.9,4.22,53.72,10.4,3.8,0.8,15.0,70,960.5,No Prazo
VJ-10846,12/04/2026,Dedicada,PR-D096,Motorista_116,Silo Francisco Beltrão -> Porto de Paranaguá (PR),580,48.66,194.25,9452.2,331.4,1.75,2038.11,340.0,0.0,2378.11,7074.09,4.1,48.87,9.4,2.8,17.2,29.4,79,888.2,No Prazo
VJ-10847,12/04/2026,Dedicada,PR-D046,Motorista_103,Silo Pato Branco -> Indústria Esmagadora (PR),140,49.06,53.4,2619.8,82.4,1.7,506.76,85.0,0.0,591.76,2028.04,4.23,12.06,2.3,3.6,2.0,7.9,78,220.8,No Prazo
VJ-10848,12/04/2026,Própria,PR-P030,Motorista_095,Silo Capanema -> Porto de Itaqui (MA) [Arco Norte],2100,50.35,293.7,14787.8,1147.5,1.83,7057.12,180.0,945.0,8362.12,6425.68,3.98,166.08,39.4,2.4,8.8,50.6,95,3075.3,No Prazo
VJ-10849,12/04/2026,Dedicada,PR-D099,Motorista_008,Silo Realeza -> Transbordo Ferroviário (PR),280,48.9,107.49,5256.26,153.8,1.82,945.87,160.0,0.0,1105.87,4150.39,3.95,22.61,5.2,2.8,1.6,9.6,86,412.2,No Prazo
VJ-10850,12/04/2026,Dedicada,PR-D092,Motorista_128,Silo Pato Branco -> Indústria Esmagadora (PR),140,49.58,59.22,2936.13,76.5,1.83,470.48,85.0,0.0,555.48,2380.65,3.97,11.2,2.5,3.2,1.2,6.9,88,205.0,No Prazo
VJ-10851,12/04/2026,Dedicada,PR-D174,Motorista_124,Silo Dois Vizinhos -> Terminal Mairinque (SP),620,50.3,195.16,9816.55,360.5,1.72,2217.08,410.0,0.0,2627.08,7189.47,4.24,52.23,10.1,3.6,0.6,14.3,74,966.1,No Prazo
VJ-10852,13/04/2026,Dedicada,PR-D100,Motorista_060,Silo Dois Vizinhos -> Terminal Mairinque (SP),620,48.9,210.22,10279.76,360.5,1.72,2217.08,410.0,0.0,2627.08,7652.68,4.24,53.72,10.0,3.3,1.8,15.1,64,966.1,No Prazo
VJ-10853,13/04/2026,Dedicada,PR-D059,Motorista_051,Silo Realeza -> Transbordo Ferroviário (PR),280,49.32,109.67,5408.92,149.7,1.87,920.66,160.0,0.0,1080.66,4328.26,3.86,21.91,4.7,2.8,1.8,9.3,84,401.2,No Prazo
VJ-10854,13/04/2026,Dedicada,PR-D154,Motorista_002,Silo Pato Branco -> Indústria Esmagadora (PR),140,48.07,49.07,2358.79,76.9,1.82,472.94,85.0,0.0,557.94,1800.85,3.99,11.61,2.5,2.6,1.1,6.2,69,206.1,No Prazo
VJ-10855,13/04/2026,Própria,PR-P046,Motorista_050,Silo Francisco Beltrão -> Porto de Paranaguá (PR),580,48.39,207.87,10058.83,305.3,1.9,1877.6,340.0,261.0,2658.6,7400.23,4.58,54.94,11.0,2.8,24.1,37.9,82,818.2,No Prazo
VJ-10856,13/04/2026,Dedicada,PR-D089,Motorista_137,Silo Pato Branco -> Indústria Esmagadora (PR),140,48.29,57.62,2782.47,84.8,1.65,521.52,85.0,0.0,606.52,2175.95,4.33,12.56,2.4,2.0,1.9,6.3,62,227.3,No Prazo
VJ-10857,13/04/2026,Própria,PR-P012,Motorista_074,Silo Capanema -> Porto de Itaqui (MA) [Arco Norte],2100,50.22,312.44,15690.74,1044.8,2.01,6425.52,180.0,945.0,7730.52,7960.22,3.68,153.93,33.7,3.7,16.9,54.3,93,2800.1,No Prazo
VJ-10858,13/04/2026,Dedicada,PR-D152,Motorista_052,Silo Francisco Beltrão -> Porto de Paranaguá (PR),580,48.78,197.7,9643.81,320.4,1.81,1970.46,340.0,0.0,2310.46,7333.35,3.98,47.36,10.8,1.2,0.8,12.8,72,858.7,No Prazo
VJ-10859,13/04/2026,Própria,PR-P022,Motorista_124,Silo Realeza -> Transbordo Ferroviário (PR),280,49.41,92.24,4557.58,150.5,1.86,925.58,160.0,126.0,1391.58,3166.0,4.97,28.16,5.0,2.2,1.4,8.6,79,403.3,No Prazo
VJ-10860,13/04/2026,Dedicada,PR-D210,Motorista_003,Silo Pato Branco -> Indústria Esmagadora (PR),140,48.91,50.78,2483.65,80.9,1.73,497.54,85.0,0.0,582.54,1901.11,4.16,11.91,2.6,2.4,1.6,6.6,76,216.8,No Prazo
VJ-10861,13/04/2026,Própria,PR-P002,Motorista_030,Silo Francisco Beltrão -> Porto de Paranaguá (PR),580,49.29,183.02,9021.06,287.1,2.02,1765.67,340.0,261.0,2546.67,6474.39,4.39,51.67,10.4,2.0,1.8,14.2,62,769.4,No Prazo
VJ-10862,13/04/2026,Dedicada,PR-D133,Motorista_129,Silo Francisco Beltrão -> Porto de Paranaguá (PR),580,49.97,201.38,10062.96,339.2,1.71,2086.08,340.0,0.0,2426.08,7636.88,4.18,48.55,10.9,3.5,1.3,15.7,96,909.1,No Prazo
VJ-10863,13/04/2026,Dedicada,PR-D097,Motorista_095,Silo Francisco Beltrão -> Porto de Paranaguá (PR),580,49.08,182.72,8967.9,315.2,1.84,1938.48,340.0,0.0,2278.48,6689.42,3.93,46.42,10.2,1.3,13.0,24.5,89,844.7,No Prazo
VJ-10864,14/04/2026,Dedicada,PR-D037,Motorista_107,Silo Pato Branco -> Indústria Esmagadora (PR),140,48.98,50.6,2478.39,74.5,1.88,458.18,85.0,0.0,543.18,1935.21,3.88,11.09,2.6,2.8,1.8,7.2,92,199.7,No Prazo
VJ-10865,14/04/2026,Dedicada,PR-D123,Motorista_051,Silo Pato Branco -> Indústria Esmagadora (PR),140,48.73,48.08,2342.94,79.1,1.77,486.46,85.0,0.0,571.46,1771.48,4.08,11.73,2.5,1.2,1.2,4.9,91,212.0,No Prazo
VJ-10866,14/04/2026,Dedicada,PR-D070,Motorista_095,Silo Realeza -> Transbordo Ferroviário (PR),280,49.99,95.15,4756.55,165.7,1.69,1019.06,160.0,0.0,1179.06,3577.49,4.21,23.59,4.7,1.1,1.7,7.5,97,444.1,No Prazo
VJ-10867,14/04/2026,Dedicada,PR-D062,Motorista_110,Silo Dois Vizinhos -> Terminal Mairinque (SP),620,49.85,219.99,10966.5,335.1,1.85,2060.87,410.0,0.0,2470.87,8495.63,3.99,49.57,10.0,2.6,1.4,14.0,64,898.1,No Prazo
VJ-10868,14/04/2026,Própria,PR-P021,Motorista_087,Silo Francisco Beltrão -> Porto de Paranaguá (PR),580,49.7,193.83,9633.35,292.9,1.98,1801.34,340.0,261.0,2582.34,7051.01,4.45,51.96,10.3,2.3,6.3,18.9,76,785.0,No Prazo
VJ-10869,14/04/2026,Dedicada,PR-D133,Motorista_099,Silo Capanema -> Porto de Itaqui (MA) [Arco Norte],2100,49.38,282.27,13938.49,1235.3,1.7,7597.1,180.0,0.0,7777.1,6161.39,3.7,157.49,37.6,3.0,16.0,56.6,84,3310.6,No Prazo
VJ-10870,14/04/2026,Dedicada,PR-D035,Motorista_126,Silo Realeza -> Transbordo Ferroviário (PR),280,48.39,105.9,5124.5,157.3,1.78,967.4,160.0,0.0,1127.4,3997.1,4.03,23.3,5.1,1.1,0.8,7.0,98,421.6,No Prazo
VJ-10871,14/04/2026,Dedicada,PR-D147,Motorista_056,Silo Pato Branco -> Indústria Esmagadora (PR),140,49.23,59.02,2905.55,76.1,1.84,468.02,85.0,0.0,553.02,2352.53,3.95,11.23,2.5,0.6,0.8,3.9,64,203.9,No Prazo
VJ-10872,14/04/2026,Dedicada,PR-D158,Motorista_119,Silo Capanema -> Porto de Itaqui (MA) [Arco Norte],2100,48.04,284.24,13654.89,1242.6,1.69,7641.99,180.0,0.0,7821.99,5832.9,3.72,162.82,38.0,2.8,5.1,45.9,76,3330.2,No Prazo
VJ-10873,14/04/2026,Dedicada,PR-D136,Motorista_132,Silo Francisco Beltrão -> Porto de Paranaguá (PR),580,49.98,180.82,9037.38,339.2,1.71,2086.08,340.0,0.0,2426.08,6611.3,4.18,48.54,9.5,1.0,6.9,17.4,78,909.1,Atrasado (Fila)
VJ-10874,14/04/2026,Própria,PR-P008,Motorista_019,Silo Pato Branco -> Indústria Esmagadora (PR),140,48.62,57.13,2777.66,76.1,1.84,468.02,85.0,63.0,796.02,1981.64,5.69,16.37,2.4,3.5,1.0,6.9,98,203.9,No Prazo
VJ-10875,14/04/2026,Dedicada,PR-D109,Motorista_069,Silo Pato Branco -> Indústria Esmagadora (PR),140,48.21,59.4,2863.67,81.4,1.72,500.61,85.0,0.0,585.61,2278.06,4.18,12.15,2.5,2.2,0.7,5.4,62,218.2,No Prazo
VJ-10876,15/04/2026,Dedicada,PR-D173,Motorista_107,Silo Pato Branco -> Indústria Esmagadora (PR),140,48.5,57.0,2764.5,75.7,1.85,465.56,85.0,0.0,550.56,2213.94,3.93,11.35,2.3,3.5,1.5,7.3,80,202.9,No Prazo
VJ-10877,15/04/2026,Dedicada,PR-D133,Motorista_135,Silo Dois Vizinhos -> Terminal Mairinque (SP),620,49.64,216.64,10754.01,344.4,1.8,2118.06,410.0,0.0,2528.06,8225.95,4.08,50.93,11.3,2.4,1.6,15.3,65,923.0,No Prazo
VJ-10878,15/04/2026,Dedicada,PR-D003,Motorista_017,Silo Pato Branco -> Indústria Esmagadora (PR),140,48.25,56.57,2729.5,77.8,1.8,478.47,85.0,0.0,563.47,2166.03,4.02,11.68,2.6,0.6,1.5,4.7,70,208.5,No Prazo
VJ-10879,15/04/2026,Própria,PR-P026,Motorista_111,Silo Francisco Beltrão -> Porto de Paranaguá (PR),580,49.27,193.34,9525.86,290.0,2.0,1783.5,340.0,261.0,2564.5,6961.36,4.42,52.05,10.9,2.7,16.5,30.1,63,777.2,No Prazo
VJ-10880,15/04/2026,Dedicada,PR-D178,Motorista_117,Silo Francisco Beltrão -> Porto de Paranaguá (PR),580,49.72,209.95,10438.71,333.3,1.74,2049.8,340.0,0.0,2389.8,8048.91,4.12,48.07,9.5,1.5,1.0,12.0,92,893.2,No Prazo
VJ-10881,15/04/2026,Dedicada,PR-D150,Motorista_005,Silo Realeza -> Transbordo Ferroviário (PR),280,48.13,91.39,4398.6,150.5,1.86,925.58,160.0,0.0,1085.58,3313.02,3.88,22.56,4.8,2.9,1.3,9.0,78,403.3,No Prazo
VJ-10882,15/04/2026,Dedicada,PR-D151,Motorista_118,Silo Pato Branco -> Indústria Esmagadora (PR),140,48.41,52.13,2523.61,75.3,1.86,463.1,85.0,0.0,548.1,1975.51,3.92,11.32,2.3,2.6,1.1,6.0,68,201.8,No Prazo
VJ-10883,15/04/2026,Dedicada,PR-D181,Motorista_030,Silo Realeza -> Transbordo Ferroviário (PR),280,48.41,95.37,4616.86,150.5,1.86,925.58,160.0,0.0,1085.58,3531.28,3.88,22.42,5.0,2.1,0.7,7.8,85,403.3,No Prazo
VJ-10884,15/04/2026,Dedicada,PR-D009,Motorista_079,Silo Francisco Beltrão -> Porto de Paranaguá (PR),580,50.44,184.86,9324.34,345.2,1.68,2122.98,340.0,0.0,2462.98,6861.36,4.25,48.83,10.0,3.8,4.3,18.1,63,925.1,No Prazo
VJ-10885,15/04/2026,Dedicada,PR-D044,Motorista_015,Silo Dois Vizinhos -> Terminal Mairinque (SP),620,48.12,193.0,9287.16,337.0,1.84,2072.55,410.0,0.0,2482.55,6804.61,4.0,51.59,11.7,1.6,1.8,15.1,94,903.2,No Prazo
VJ-10886,15/04/2026,Própria,PR-P046,Motorista_129,Silo Pato Branco -> Indústria Esmagadora (PR),140,50.4,50.23,2531.59,69.7,2.01,428.66,85.0,63.0,756.66,1774.93,5.4,15.01,2.5,3.6,1.9,8.0,84,186.8,No Prazo
VJ-10887,15/04/2026,Dedicada,PR-D178,Motorista_087,Silo Francisco Beltrão -> Porto de Paranaguá (PR),580,48.92,207.48,10149.92,318.7,1.82,1960.0,340.0,0.0,2300.0,7849.92,3.97,47.02,11.0,3.8,4.2,19.0,94,854.1,No Prazo
VJ-10888,16/04/2026,Dedicada,PR-D185,Motorista_103,Silo Dois Vizinhos -> Terminal Mairinque (SP),620,48.21,191.95,9253.91,358.4,1.73,2204.16,410.0,0.0,2614.16,6639.75,4.22,54.22,11.3,3.8,1.6,16.7,63,960.5,No Prazo
VJ-10889,16/04/2026,Dedicada,PR-D088,Motorista_009,Silo Dois Vizinhos -> Terminal Mairinque (SP),620,49.89,200.7,10012.92,371.3,1.67,2283.5,410.0,0.0,2693.5,7319.42,4.34,53.99,11.2,2.7,1.3,15.2,77,995.1,No Prazo
VJ-10890,16/04/2026,Própria,PR-P034,Motorista_077,Silo Realeza -> Transbordo Ferroviário (PR),280,48.3,90.53,4372.6,142.1,1.97,873.92,160.0,126.0,1339.92,3032.68,4.79,27.74,4.9,1.8,0.7,7.4,90,380.8,No Prazo
VJ-10891,16/04/2026,Dedicada,PR-D074,Motorista_020,Silo Pato Branco -> Indústria Esmagadora (PR),140,48.64,59.61,2899.43,80.5,1.74,495.08,85.0,0.0,580.08,2319.35,4.14,11.93,2.5,2.9,1.5,6.9,70,215.7,No Prazo
VJ-10892,16/04/2026,Dedicada,PR-D075,Motorista_071,Silo Francisco Beltrão -> Porto de Paranaguá (PR),580,48.97,181.34,8880.22,318.7,1.82,1960.0,340.0,0.0,2300.0,6580.22,3.97,46.97,9.8,3.7,3.6,17.1,77,854.1,No Prazo
VJ-10893,16/04/2026,Dedicada,PR-D076,Motorista_111,Silo Capanema -> Porto de Itaqui (MA) [Arco Norte],2100,49.84,282.31,14070.33,1228.1,1.71,7552.82,180.0,0.0,7732.82,6337.51,3.68,155.15,37.4,2.6,14.1,54.1,91,3291.3,No Prazo
VJ-10894,16/04/2026,Dedicada,PR-D071,Motorista_019,Silo Francisco Beltrão -> Porto de Paranaguá (PR),580,49.52,201.91,9998.58,329.5,1.76,2026.43,340.0,0.0,2366.43,7632.15,4.08,47.79,10.2,3.6,18.2,32.0,99,883.1,No Prazo
VJ-10895,16/04/2026,Dedicada,PR-D076,Motorista_134,Silo Realeza -> Transbordo Ferroviário (PR),280,49.15,109.06,5360.3,159.1,1.76,978.46,160.0,0.0,1138.46,4221.84,4.07,23.16,4.9,1.6,0.6,7.1,69,426.4,Atrasado (Fila)
VJ-10896,16/04/2026,Dedicada,PR-D141,Motorista_145,Silo Pato Branco -> Indústria Esmagadora (PR),140,49.48,54.74,2708.54,82.4,1.7,506.76,85.0,0.0,591.76,2116.78,4.23,11.96,2.6,1.9,0.7,5.2,65,220.8,No Prazo
VJ-10897,16/04/2026,Dedicada,PR-D149,Motorista_080,Silo Francisco Beltrão -> Porto de Paranaguá (PR),580,48.13,202.34,9738.62,351.5,1.65,2161.72,340.0,0.0,2501.72,7236.9,4.31,51.98,10.9,3.0,1.9,15.8,90,942.0,Atrasado (Fila)
VJ-10898,16/04/2026,Dedicada,PR-D098,Motorista_063,Silo Francisco Beltrão -> Porto de Paranaguá (PR),580,48.82,195.88,9562.86,324.0,1.79,1992.6,340.0,0.0,2332.6,7230.26,4.02,47.78,10.5,3.9,9.3,23.7,82,868.3,No Prazo
VJ-10899,16/04/2026,Dedicada,PR-D026,Motorista_003,Silo Dois Vizinhos -> Terminal Mairinque (SP),620,50.32,201.16,10122.37,373.5,1.66,2297.02,410.0,0.0,2707.02,7415.35,4.37,53.8,11.0,0.7,0.5,12.2,99,1001.0,No Prazo
VJ-10900,17/04/2026,Dedicada,PR-D071,Motorista_036,Silo Francisco Beltrão -> Porto de Paranaguá (PR),580,48.45,199.12,9647.36,327.7,1.77,2015.36,340.0,0.0,2355.36,7292.0,4.06,48.61,10.8,3.2,6.1,20.1,99,878.2,No Prazo
VJ-10901,17/04/2026,Dedicada,PR-D075,Motorista_126,Silo Pato Branco -> Indústria Esmagadora (PR),140,48.54,52.04,2526.02,80.5,1.74,495.08,85.0,0.0,580.08,1945.94,4.14,11.95,2.6,3.1,1.4,7.1,77,215.7,No Prazo
VJ-10902,17/04/2026,Própria,PR-P015,Motorista_076,Silo Dois Vizinhos -> Terminal Mairinque (SP),620,50.08,197.83,9907.33,328.0,1.89,2017.2,410.0,279.0,2886.2,7021.13,4.66,57.63,11.5,1.7,1.8,15.0,87,879.0,No Prazo
VJ-10903,17/04/2026,Dedicada,PR-D025,Motorista_060,Silo Pato Branco -> Indústria Esmagadora (PR),140,49.21,51.68,2543.17,84.3,1.66,518.45,85.0,0.0,603.45,1939.72,4.31,12.26,2.3,1.8,0.7,4.8,84,225.9,No Prazo
VJ-10904,17/04/2026,Dedicada,PR-D151,Motorista_148,Silo Dois Vizinhos -> Terminal Mairinque (SP),620,50.15,191.06,9581.66,373.5,1.66,2297.02,410.0,0.0,2707.02,6874.64,4.37,53.98,10.4,0.6,1.0,12.0,84,1001.0,No Prazo
VJ-10905,17/04/2026,Própria,PR-P035,Motorista_021,Silo Francisco Beltrão -> Porto de Paranaguá (PR),580,49.38,197.29,9742.18,285.7,2.03,1757.06,340.0,261.0,2538.06,7204.12,4.38,51.4,10.4,0.8,14.6,25.8,77,765.7,No Prazo
VJ-10906,17/04/2026,Dedicada,PR-D019,Motorista_120,Silo Realeza -> Transbordo Ferroviário (PR),280,49.35,105.63,5212.84,152.2,1.84,936.03,160.0,0.0,1096.03,4116.81,3.91,22.21,4.9,2.6,1.2,8.7,93,407.9,No Prazo
VJ-10907,17/04/2026,Dedicada,PR-D136,Motorista_107,Silo Pato Branco -> Indústria Esmagadora (PR),140,50.16,58.08,2913.29,77.3,1.81,475.4,85.0,0.0,560.4,2352.89,4.0,11.17,2.6,2.5,0.5,5.6,82,207.2,No Prazo
VJ-10908,17/04/2026,Dedicada,PR-D158,Motorista_094,Silo Pato Branco -> Indústria Esmagadora (PR),140,48.31,56.76,2742.08,78.2,1.79,480.93,85.0,0.0,565.93,2176.15,4.04,11.71,2.4,0.5,1.1,4.0,83,209.6,Atrasado (Fila)
VJ-10909,17/04/2026,Dedicada,PR-D062,Motorista_096,Silo Francisco Beltrão -> Porto de Paranaguá (PR),580,49.12,186.87,9179.05,310.2,1.87,1907.73,340.0,0.0,2247.73,6931.32,3.88,45.76,10.1,3.8,17.4,31.3,71,831.3,No Prazo
VJ-10910,17/04/2026,Dedicada,PR-D046,Motorista_145,Silo Francisco Beltrão -> Porto de Paranaguá (PR),580,50.13,197.44,9897.67,349.4,1.66,2148.81,340.0,0.0,2488.81,7408.86,4.29,49.65,9.6,2.1,4.7,16.4,86,936.4,Atrasado (Manutenção)
VJ-10911,17/04/2026,Dedicada,PR-D034,Motorista_139,Silo Pato Branco -> Indústria Esmagadora (PR),140,50.1,59.25,2968.42,82.4,1.7,506.76,85.0,0.0,591.76,2376.66,4.23,11.81,2.6,1.5,1.3,5.4,90,220.8,No Prazo
VJ-10912,18/04/2026,Dedicada,PR-D103,Motorista_008,Silo Francisco Beltrão -> Porto de Paranaguá (PR),580,49.03,208.47,10221.28,308.5,1.88,1897.28,340.0,0.0,2237.28,7984.0,3.86,45.63,9.6,2.4,2.8,14.8,92,826.8,No Prazo
VJ-10913,18/04/2026,Própria,PR-P037,Motorista_101,Silo Capanema -> Porto de Itaqui (MA) [Arco Norte],2100,48.92,284.78,13931.44,1129.0,1.86,6943.35,180.0,945.0,8248.35,5683.09,3.93,168.61,38.2,3.4,11.6,53.2,61,3025.7,No Prazo
VJ-10914,18/04/2026,Dedicada,PR-D123,Motorista_044,Silo Francisco Beltrão -> Porto de Paranaguá (PR),580,49.94,184.16,9196.95,310.2,1.87,1907.73,340.0,0.0,2247.73,6949.22,3.88,45.01,11.1,1.3,2.2,14.6,94,831.3,No Prazo
VJ-10915,18/04/2026,Dedicada,PR-D168,Motorista_032,Silo Francisco Beltrão -> Porto de Paranaguá (PR),580,49.32,186.75,9210.51,320.4,1.81,1970.46,340.0,0.0,2310.46,6900.05,3.98,46.85,10.0,1.0,3.6,14.6,74,858.7,No Prazo
VJ-10916,18/04/2026,Dedicada,PR-D011,Motorista_130,Silo Capanema -> Porto de Itaqui (MA) [Arco Norte],2100,48.63,290.16,14110.48,1206.9,1.74,7422.44,180.0,0.0,7602.44,6508.04,3.62,156.33,35.6,1.7,3.8,41.1,69,3234.5,No Prazo
VJ-10917,18/04/2026,Dedicada,PR-D121,Motorista_035,Silo Francisco Beltrão -> Porto de Paranaguá (PR),580,49.81,181.97,9063.93,345.2,1.68,2122.98,340.0,0.0,2462.98,6600.95,4.25,49.45,9.5,2.8,1.3,13.6,69,925.1,No Prazo
VJ-10918,18/04/2026,Dedicada,PR-D069,Motorista_038,Silo Dois Vizinhos -> Terminal Mairinque (SP),620,49.91,211.18,10539.99,366.9,1.69,2256.44,410.0,0.0,2666.44,7873.55,4.3,53.42,11.0,3.2,0.5,14.7,94,983.3,No Prazo
VJ-10919,18/04/2026,Dedicada,PR-D174,Motorista_005,Silo Dois Vizinhos -> Terminal Mairinque (SP),620,49.71,216.92,10783.09,375.8,1.65,2311.17,410.0,0.0,2721.17,8061.92,4.39,54.74,10.8,3.9,1.2,15.9,65,1007.1,No Prazo
VJ-10920,18/04/2026,Dedicada,PR-D170,Motorista_103,Silo Francisco Beltrão -> Porto de Paranaguá (PR),580,49.31,197.11,9719.49,345.2,1.68,2122.98,340.0,0.0,2462.98,7256.51,4.25,49.95,9.8,1.4,9.9,21.1,84,925.1,No Prazo
VJ-10921,18/04/2026,Dedicada,PR-D092,Motorista_142,Silo Pato Branco -> Indústria Esmagadora (PR),140,48.09,47.13,2266.48,77.3,1.81,475.4,85.0,0.0,560.4,1706.08,4.0,11.65,2.7,3.6,0.8,7.1,87,207.2,No Prazo
VJ-10922,18/04/2026,Dedicada,PR-D210,Motorista_087,Silo Realeza -> Transbordo Ferroviário (PR),280,48.58,92.28,4482.96,167.7,1.67,1031.36,160.0,0.0,1191.36,3291.6,4.25,24.52,5.1,2.2,1.4,8.7,84,449.4,No Prazo
VJ-10923,18/04/2026,Dedicada,PR-D021,Motorista_125,Silo Francisco Beltrão -> Porto de Paranaguá (PR),580,49.47,188.78,9338.95,333.3,1.74,2049.8,340.0,0.0,2389.8,6949.15,4.12,48.31,11.0,1.8,8.9,21.7,95,893.2,No Prazo
VJ-10924,19/04/2026,Dedicada,PR-D154,Motorista_063,Silo Pato Branco -> Indústria Esmagadora (PR),140,48.72,47.92,2334.66,82.4,1.7,506.76,85.0,0.0,591.76,1742.9,4.23,12.15,2.5,1.4,1.2,5.1,84,220.8,No Prazo
VJ-10925,19/04/2026,Dedicada,PR-D194,Motorista_032,Silo Francisco Beltrão -> Porto de Paranaguá (PR),580,49.82,207.4,10332.67,351.5,1.65,2161.72,340.0,0.0,2501.72,7830.95,4.31,50.22,10.1,1.6,2.5,14.2,70,942.0,No Prazo
VJ-10926,19/04/2026,Dedicada,PR-D050,Motorista_079,Silo Dois Vizinhos -> Terminal Mairinque (SP),620,49.28,219.68,10825.83,342.5,1.81,2106.38,410.0,0.0,2516.38,8309.45,4.06,51.06,10.0,2.2,1.3,13.5,96,917.9,No Prazo
VJ-10927,19/04/2026,Dedicada,PR-D058,Motorista_118,Silo Pato Branco -> Indústria Esmagadora (PR),140,48.15,54.38,2618.4,77.3,1.81,475.4,85.0,0.0,560.4,2058.0,4.0,11.64,2.4,3.8,0.7,6.9,85,207.2,No Prazo
VJ-10928,19/04/2026,Dedicada,PR-D037,Motorista_059,Silo Pato Branco -> Indústria Esmagadora (PR),140,50.47,55.7,2811.18,84.8,1.65,521.52,85.0,0.0,606.52,2204.66,4.33,12.02,2.6,3.8,1.7,8.1,64,227.3,No Prazo
VJ-10929,19/04/2026,Dedicada,PR-D055,Motorista_023,Silo Pato Branco -> Indústria Esmagadora (PR),140,48.29,49.83,2406.29,80.0,1.75,492.0,85.0,0.0,577.0,1829.29,4.12,11.95,2.2,0.9,0.7,3.8,79,214.4,Atrasado (Fila)
VJ-10930,19/04/2026,Dedicada,PR-D025,Motorista_142,Silo Dois Vizinhos -> Terminal Mairinque (SP),620,48.06,205.77,9889.31,346.4,1.79,2130.36,410.0,0.0,2540.36,7348.95,4.1,52.86,11.6,1.3,1.1,14.0,95,928.4,Atrasado (Fila)
VJ-10931,19/04/2026,Dedicada,PR-D079,Motorista_066,Silo Francisco Beltrão -> Porto de Paranaguá (PR),580,48.99,191.23,9368.36,349.4,1.66,2148.81,340.0,0.0,2488.81,6879.55,4.29,50.8,11.1,1.7,12.8,25.6,72,936.4,No Prazo
VJ-10932,19/04/2026,Dedicada,PR-D115,Motorista_093,Silo Realeza -> Transbordo Ferroviário (PR),280,49.4,106.43,5257.64,154.7,1.81,951.4,160.0,0.0,1111.4,4146.24,3.97,22.5,5.3,1.2,0.5,7.0,65,414.6,No Prazo
VJ-10933,19/04/2026,Dedicada,PR-D055,Motorista_099,Silo Realeza -> Transbordo Ferroviário (PR),280,49.65,109.47,5435.19,159.1,1.76,978.46,160.0,0.0,1138.46,4296.73,4.07,22.93,5.1,1.0,0.8,6.9,62,426.4,Atrasado (Manutenção)
VJ-10934,19/04/2026,Dedicada,PR-D066,Motorista_110,Silo Dois Vizinhos -> Terminal Mairinque (SP),620,50.12,208.34,10442.0,364.7,1.7,2242.91,410.0,0.0,2652.91,7789.09,4.28,52.93,10.7,2.5,1.4,14.6,68,977.4,No Prazo
VJ-10935,19/04/2026,Dedicada,PR-D196,Motorista_098,Silo Dois Vizinhos -> Terminal Mairinque (SP),620,48.05,217.61,10456.16,366.9,1.69,2256.44,410.0,0.0,2666.44,7789.72,4.3,55.49,10.9,1.8,1.1,13.8,88,983.3,No Prazo
VJ-10936,20/04/2026,Dedicada,PR-D063,Motorista_046,Silo Capanema -> Porto de Itaqui (MA) [Arco Norte],2100,48.63,290.23,14113.88,1206.9,1.74,7422.44,180.0,0.0,7602.44,6511.44,3.62,156.33,37.2,0.5,26.1,63.8,89,3234.5,No Prazo
VJ-10937,20/04/2026,Dedicada,PR-D169,Motorista_102,Silo Francisco Beltrão -> Porto de Paranaguá (PR),580,49.92,205.46,10256.56,325.8,1.78,2003.67,340.0,0.0,2343.67,7912.89,4.04,46.95,10.2,1.8,1.5,13.5,81,873.1,No Prazo
VJ-10938,20/04/2026,Dedicada,PR-D206,Motorista_128,Silo Francisco Beltrão -> Porto de Paranaguá (PR),580,50.31,202.32,10178.72,349.4,1.66,2148.81,340.0,0.0,2488.81,7689.91,4.29,49.47,9.9,2.8,8.4,21.1,78,936.4,No Prazo
VJ-10939,20/04/2026,Dedicada,PR-D152,Motorista_124,Silo Dois Vizinhos -> Terminal Mairinque (SP),620,49.51,219.71,10877.84,371.3,1.67,2283.5,410.0,0.0,2693.5,8184.34,4.34,54.4,11.2,1.7,0.7,13.6,85,995.1,No Prazo
VJ-10940,20/04/2026,Própria,PR-P005,Motorista_032,Silo Francisco Beltrão -> Porto de Paranaguá (PR),580,48.56,206.73,10038.81,310.2,1.87,1907.73,340.0,261.0,2688.73,7350.08,4.64,55.37,10.6,2.8,0.2,13.6,73,831.3,No Prazo
VJ-10941,20/04/2026,Própria,PR-P012,Motorista_088,Silo Pato Branco -> Indústria Esmagadora (PR),140,48.32,59.12,2856.68,69.7,2.01,428.66,85.0,63.0,756.66,2100.02,5.4,15.66,2.3,1.1,0.8,4.2,87,186.8,No Prazo
VJ-10942,20/04/2026,Dedicada,PR-D130,Motorista_058,Silo Capanema -> Porto de Itaqui (MA) [Arco Norte],2100,49.58,314.99,15617.2,1153.8,1.82,7095.87,180.0,0.0,7275.87,8341.33,3.46,146.75,37.3,1.3,47.9,86.5,93,3092.2,No Prazo
VJ-10943,20/04/2026,Dedicada,PR-D170,Motorista_109,Silo Francisco Beltrão -> Porto de Paranaguá (PR),580,50.44,207.89,10485.97,343.2,1.69,2110.68,340.0,0.0,2450.68,8035.29,4.23,48.59,10.3,0.6,2.2,13.1,98,919.8,No Prazo
VJ-10944,20/04/2026,Dedicada,PR-D179,Motorista_143,Silo Dois Vizinhos -> Terminal Mairinque (SP),620,48.95,200.97,9837.48,337.0,1.84,2072.55,410.0,0.0,2482.55,7354.93,4.0,50.72,9.9,2.2,1.4,13.5,68,903.2,No Prazo
VJ-10945,20/04/2026,Própria,PR-P011,Motorista_003,Silo Dois Vizinhos -> Terminal Mairinque (SP),620,48.84,206.97,10108.41,331.6,1.87,2039.34,410.0,279.0,2908.34,7200.07,4.69,59.55,11.1,3.0,2.0,16.1,79,888.7,No Prazo
VJ-10946,20/04/2026,Dedicada,PR-D066,Motorista_032,Silo Pato Branco -> Indústria Esmagadora (PR),140,49.39,50.69,2503.58,80.9,1.73,497.54,85.0,0.0,582.54,1921.04,4.16,11.79,2.3,0.9,1.6,4.8,68,216.8,No Prazo
VJ-10947,20/04/2026,Dedicada,PR-D146,Motorista_039,Silo Capanema -> Porto de Itaqui (MA) [Arco Norte],2100,49.73,283.39,14092.98,1200.0,1.75,7380.0,180.0,0.0,7560.0,6532.98,3.6,152.02,39.0,2.0,1.3,42.3,65,3216.0,No Prazo
VJ-10948,21/04/2026,Dedicada,PR-D001,Motorista_044,Silo Francisco Beltrão -> Porto de Paranaguá (PR),580,48.04,181.66,8726.95,310.2,1.87,1907.73,340.0,0.0,2247.73,6479.22,3.88,46.79,9.2,1.8,7.5,18.5,81,831.3,No Prazo
VJ-10949,21/04/2026,Dedicada,PR-D009,Motorista_031,Silo Pato Branco -> Indústria Esmagadora (PR),140,48.94,45.15,2209.64,74.5,1.88,458.18,85.0,0.0,543.18,1666.46,3.88,11.1,2.5,1.7,1.9,6.1,62,199.7,No Prazo
VJ-10950,21/04/2026,Dedicada,PR-D105,Motorista_143,Silo Francisco Beltrão -> Porto de Paranaguá (PR),580,48.05,198.38,9532.16,327.7,1.77,2015.36,340.0,0.0,2355.36,7176.8,4.06,49.02,9.5,1.2,9.1,19.8,75,878.2,No Prazo
VJ-10951,21/04/2026,Dedicada,PR-D174,Motorista_072,Silo Pato Branco -> Indústria Esmagadora (PR),140,49.42,59.0,2915.78,82.8,1.69,509.22,85.0,0.0,594.22,2321.56,4.24,12.02,2.3,2.1,0.5,4.9,78,221.9,No Prazo
VJ-10952,21/04/2026,Própria,PR-P045,Motorista_086,Silo Francisco Beltrão -> Porto de Paranaguá (PR),580,49.0,183.04,8968.96,305.3,1.9,1877.6,340.0,261.0,2658.6,6310.36,4.58,54.26,10.2,3.3,3.5,17.0,73,818.2,No Prazo
VJ-10953,21/04/2026,Dedicada,PR-D122,Motorista_048,Silo Pato Branco -> Indústria Esmagadora (PR),140,49.02,52.03,2550.51,76.9,1.82,472.94,85.0,0.0,557.94,1992.57,3.99,11.38,2.7,0.6,2.0,5.3,73,206.1,No Prazo
VJ-10954,21/04/2026,Dedicada,PR-D093,Motorista_020,Silo Pato Branco -> Indústria Esmagadora (PR),140,48.4,52.33,2532.77,82.4,1.7,506.76,85.0,0.0,591.76,1941.01,4.23,12.23,2.4,2.7,1.3,6.4,62,220.8,No Prazo
VJ-10955,21/04/2026,Própria,PR-P037,Motorista_085,Silo Realeza -> Transbordo Ferroviário (PR),280,49.83,109.46,5454.39,145.8,1.92,896.67,160.0,126.0,1362.67,4091.72,4.87,27.35,5.0,3.1,1.4,9.5,84,390.7,No Prazo
VJ-10956,21/04/2026,Dedicada,PR-D091,Motorista_131,Silo Pato Branco -> Indústria Esmagadora (PR),140,49.41,49.42,2441.84,84.3,1.66,518.45,85.0,0.0,603.45,1838.39,4.31,12.21,2.3,3.2,0.5,6.0,61,225.9,Atrasado (Fila)
VJ-10957,21/04/2026,Dedicada,PR-D172,Motorista_030,Silo Pato Branco -> Indústria Esmagadora (PR),140,49.8,49.84,2482.03,78.7,1.78,484.01,85.0,0.0,569.01,1913.02,4.06,11.43,2.4,3.7,1.4,7.5,65,210.9,No Prazo
VJ-10958,21/04/2026,Dedicada,PR-D145,Motorista_076,Silo Francisco Beltrão -> Porto de Paranaguá (PR),580,49.21,191.49,9423.22,339.2,1.71,2086.08,340.0,0.0,2426.08,6997.14,4.18,49.3,10.7,3.4,1.9,16.0,82,909.1,No Prazo
VJ-10959,21/04/2026,Dedicada,PR-D114,Motorista_006,Silo Francisco Beltrão -> Porto de Paranaguá (PR),580,48.43,200.52,9711.18,320.4,1.81,1970.46,340.0,0.0,2310.46,7400.72,3.98,47.71,11.0,3.2,6.4,20.6,79,858.7,No Prazo
VJ-10960,22/04/2026,Dedicada,PR-D082,Motorista_069,Silo Pato Branco -> Indústria Esmagadora (PR),140,49.38,52.54,2594.43,80.9,1.73,497.54,85.0,0.0,582.54,2011.89,4.16,11.8,2.5,1.1,0.9,4.5,87,216.8,No Prazo
VJ-10961,22/04/2026,Dedicada,PR-D144,Motorista_100,Silo Pato Branco -> Indústria Esmagadora (PR),140,49.05,50.86,2494.68,84.8,1.65,521.52,85.0,0.0,606.52,1888.16,4.33,12.37,2.3,1.0,0.7,4.0,83,227.3,No Prazo
VJ-10962,22/04/2026,Dedicada,PR-D160,Motorista_022,Silo Pato Branco -> Indústria Esmagadora (PR),140,49.01,50.69,2484.32,80.0,1.75,492.0,85.0,0.0,577.0,1907.32,4.12,11.77,2.3,2.4,0.6,5.3,88,214.4,No Prazo
VJ-10963,22/04/2026,Dedicada,PR-D099,Motorista_137,Silo Francisco Beltrão -> Porto de Paranaguá (PR),580,49.58,185.03,9173.79,327.7,1.77,2015.36,340.0,0.0,2355.36,6818.43,4.06,47.51,9.5,1.1,11.0,21.6,85,878.2,No Prazo
VJ-10964,22/04/2026,Dedicada,PR-D154,Motorista_102,Silo Pato Branco -> Indústria Esmagadora (PR),140,49.52,58.91,2917.22,80.0,1.75,492.0,85.0,0.0,577.0,2340.22,4.12,11.65,2.5,3.9,1.1,7.5,93,214.4,No Prazo
VJ-10965,22/04/2026,Dedicada,PR-D032,Motorista_011,Silo Pato Branco -> Indústria Esmagadora (PR),140,48.12,47.94,2306.87,75.7,1.85,465.56,85.0,0.0,550.56,1756.31,3.93,11.44,2.3,3.9,0.8,7.0,83,202.9,No Prazo
VJ-10966,22/04/2026,Dedicada,PR-D028,Motorista_058,Silo Francisco Beltrão -> Porto de Paranaguá (PR),580,48.14,180.37,8683.01,320.4,1.81,1970.46,340.0,0.0,2310.46,6372.55,3.98,47.99,10.0,2.4,3.5,15.9,80,858.7,No Prazo
VJ-10967,22/04/2026,Dedicada,PR-D169,Motorista_101,Silo Pato Branco -> Indústria Esmagadora (PR),140,48.74,48.78,2377.54,82.4,1.7,506.76,85.0,0.0,591.76,1785.78,4.23,12.14,2.3,0.5,0.6,3.4,85,220.8,No Prazo
VJ-10968,22/04/2026,Dedicada,PR-D050,Motorista_094,Silo Francisco Beltrão -> Porto de Paranaguá (PR),580,49.86,183.56,9152.3,322.2,1.8,1981.53,340.0,0.0,2321.53,6830.77,4.0,46.56,9.5,2.6,2.8,14.9,93,863.5,No Prazo
VJ-10969,22/04/2026,Dedicada,PR-D166,Motorista_035,Silo Francisco Beltrão -> Porto de Paranaguá (PR),580,49.94,181.08,9043.14,343.2,1.69,2110.68,340.0,0.0,2450.68,6592.46,4.23,49.07,10.2,0.9,0.3,11.4,76,919.8,No Prazo
VJ-10970,22/04/2026,Dedicada,PR-D023,Motorista_062,Silo Francisco Beltrão -> Porto de Paranaguá (PR),580,48.16,202.09,9732.65,345.2,1.68,2122.98,340.0,0.0,2462.98,7269.67,4.25,51.14,11.0,3.8,10.3,25.1,93,925.1,No Prazo
VJ-10971,22/04/2026,Dedicada,PR-D014,Motorista_085,Silo Dois Vizinhos -> Terminal Mairinque (SP),620,49.45,207.57,10264.34,360.5,1.72,2217.08,410.0,0.0,2627.08,7637.26,4.24,53.13,10.2,0.6,1.9,12.7,65,966.1,No Prazo
VJ-10972,23/04/2026,Própria,PR-P024,Motorista_122,Silo Francisco Beltrão -> Porto de Paranaguá (PR),580,48.89,205.42,10042.98,284.3,2.04,1748.45,340.0,261.0,2529.45,7513.53,4.36,51.74,9.3,2.4,3.2,14.9,76,761.9,No Prazo
VJ-10973,23/04/2026,Dedicada,PR-D205,Motorista_047,Silo Francisco Beltrão -> Porto de Paranaguá (PR),580,50.4,209.79,10573.42,339.2,1.71,2086.08,340.0,0.0,2426.08,8147.34,4.18,48.14,10.1,3.5,1.3,14.9,68,909.1,Atrasado (Fila)
VJ-10974,23/04/2026,Dedicada,PR-D006,Motorista_100,Silo Francisco Beltrão -> Porto de Paranaguá (PR),580,49.72,185.7,9233.0,325.8,1.78,2003.67,340.0,0.0,2343.67,6889.33,4.04,47.14,9.6,0.7,7.5,17.8,78,873.1,No Prazo
VJ-10975,23/04/2026,Dedicada,PR-D113,Motorista_038,Silo Dois Vizinhos -> Terminal Mairinque (SP),620,48.53,206.89,10040.37,352.3,1.76,2166.64,410.0,0.0,2576.64,7463.73,4.16,53.09,10.0,3.2,1.6,14.8,60,944.2,Atrasado (Manutenção)
VJ-10976,23/04/2026,Própria,PR-P005,Motorista_143,Silo Realeza -> Transbordo Ferroviário (PR),280,48.84,108.16,5282.53,153.8,1.82,945.87,160.0,126.0,1411.87,3870.66,5.04,28.91,5.2,2.3,1.9,9.4,77,412.2,No Prazo
VJ-10977,23/04/2026,Dedicada,PR-D128,Motorista_089,Silo Pato Branco -> Indústria Esmagadora (PR),140,50.33,50.1,2521.53,79.1,1.77,486.46,85.0,0.0,571.46,1950.07,4.08,11.35,2.4,1.0,1.2,4.6,87,212.0,No Prazo
VJ-10978,23/04/2026,Própria,PR-P028,Motorista_052,Silo Dois Vizinhos -> Terminal Mairinque (SP),620,50.28,214.5,10785.06,329.8,1.88,2028.27,410.0,279.0,2897.27,7887.79,4.67,57.62,10.7,3.0,1.1,14.8,77,883.9,No Prazo
VJ-10979,23/04/2026,Dedicada,PR-D067,Motorista_017,Silo Pato Branco -> Indústria Esmagadora (PR),140,49.14,46.54,2286.98,76.5,1.83,470.48,85.0,0.0,555.48,1731.5,3.97,11.3,2.4,1.4,1.2,5.0,77,205.0,No Prazo
VJ-10980,23/04/2026,Própria,PR-P003,Motorista_046,Silo Francisco Beltrão -> Porto de Paranaguá (PR),580,50.39,187.32,9439.05,294.4,1.97,1810.56,340.0,261.0,2591.56,6847.49,4.47,51.43,9.8,3.3,7.7,20.8,67,789.0,No Prazo
VJ-10981,23/04/2026,Dedicada,PR-D016,Motorista_054,Silo Realeza -> Transbordo Ferroviário (PR),280,49.37,96.08,4743.47,154.7,1.81,951.4,160.0,0.0,1111.4,3632.07,3.97,22.51,5.2,1.2,1.8,8.2,88,414.6,No Prazo
VJ-10982,23/04/2026,Dedicada,PR-D187,Motorista_017,Silo Realeza -> Transbordo Ferroviário (PR),280,48.85,98.85,4828.82,153.8,1.82,945.87,160.0,0.0,1105.87,3722.95,3.95,22.64,4.6,1.6,1.9,8.1,93,412.2,No Prazo
VJ-10983,23/04/2026,Dedicada,PR-D065,Motorista_065,Silo Francisco Beltrão -> Porto de Paranaguá (PR),580,48.35,203.7,9848.9,339.2,1.71,2086.08,340.0,0.0,2426.08,7422.82,4.18,50.18,10.5,1.2,1.8,13.5,63,909.1,No Prazo
VJ-10984,24/04/2026,Dedicada,PR-D188,Motorista_029,Silo Francisco Beltrão -> Porto de Paranaguá (PR),580,49.67,192.91,9581.84,322.2,1.8,1981.53,340.0,0.0,2321.53,7260.31,4.0,46.74,11.0,2.9,2.1,16.0,74,863.5,No Prazo
VJ-10985,24/04/2026,Dedicada,PR-D007,Motorista_064,Silo Dois Vizinhos -> Terminal Mairinque (SP),620,49.41,198.43,9804.43,373.5,1.66,2297.02,410.0,0.0,2707.02,7097.41,4.37,54.79,10.0,3.2,0.8,14.0,76,1001.0,No Prazo
VJ-10986,24/04/2026,Própria,PR-P001,Motorista_083,Silo Realeza -> Transbordo Ferroviário (PR),280,50.22,95.26,4783.96,151.4,1.85,931.11,160.0,126.0,1397.11,3386.85,4.99,27.82,4.6,3.4,2.0,10.0,88,405.8,No Prazo
VJ-10987,24/04/2026,Própria,PR-P045,Motorista_111,Silo Dois Vizinhos -> Terminal Mairinque (SP),620,50.12,214.53,10752.24,329.8,1.88,2028.27,410.0,279.0,2897.27,7854.97,4.67,57.81,11.0,1.4,1.4,13.8,84,883.9,Atrasado (Fila)
VJ-10988,24/04/2026,Dedicada,PR-D033,Motorista_017,Silo Realeza -> Transbordo Ferroviário (PR),280,48.83,94.82,4630.06,154.7,1.81,951.4,160.0,0.0,1111.4,3518.66,3.97,22.76,5.2,2.1,1.9,9.2,65,414.6,No Prazo
VJ-10989,24/04/2026,Dedicada,PR-D076,Motorista_118,Silo Capanema -> Porto de Itaqui (MA) [Arco Norte],2100,49.97,287.02,14342.39,1228.1,1.71,7552.82,180.0,0.0,7732.82,6609.57,3.68,154.75,39.8,2.8,4.7,47.3,83,3291.3,No Prazo
VJ-10990,24/04/2026,Dedicada,PR-D009,Motorista_112,Silo Francisco Beltrão -> Porto de Paranaguá (PR),580,50.32,196.05,9865.24,331.4,1.75,2038.11,340.0,0.0,2378.11,7487.13,4.1,47.26,10.0,1.4,0.4,11.8,66,888.2,No Prazo
VJ-10991,24/04/2026,Dedicada,PR-D141,Motorista_079,Silo Francisco Beltrão -> Porto de Paranaguá (PR),580,48.49,192.25,9322.2,333.3,1.74,2049.8,340.0,0.0,2389.8,6932.4,4.12,49.28,9.4,3.9,2.2,15.5,83,893.2,No Prazo
VJ-10992,24/04/2026,Própria,PR-P037,Motorista_056,Silo Dois Vizinhos -> Terminal Mairinque (SP),620,50.04,190.28,9521.61,321.2,1.93,1975.38,410.0,279.0,2844.38,6677.23,4.59,56.84,11.2,2.6,1.7,15.5,73,860.8,No Prazo
VJ-10993,24/04/2026,Própria,PR-P020,Motorista_126,Silo Realeza -> Transbordo Ferroviário (PR),280,49.72,102.31,5086.85,144.3,1.94,887.45,160.0,126.0,1353.45,3733.4,4.83,27.22,4.7,3.9,1.8,10.4,63,386.7,No Prazo
VJ-10994,24/04/2026,Dedicada,PR-D109,Motorista_019,Silo Realeza -> Transbordo Ferroviário (PR),280,49.6,96.18,4770.53,167.7,1.67,1031.36,160.0,0.0,1191.36,3579.17,4.25,24.02,4.7,3.2,1.4,9.3,63,449.4,No Prazo
VJ-10995,24/04/2026,Dedicada,PR-D130,Motorista_083,Silo Pato Branco -> Indústria Esmagadora (PR),140,48.17,52.09,2509.18,77.3,1.81,475.4,85.0,0.0,560.4,1948.78,4.0,11.63,2.6,2.6,1.5,6.7,83,207.2,No Prazo
VJ-10996,25/04/2026,Dedicada,PR-D173,Motorista_013,Silo Dois Vizinhos -> Terminal Mairinque (SP),620,48.5,191.3,9278.05,356.3,1.74,2191.25,410.0,0.0,2601.25,6676.8,4.2,53.63,11.2,2.3,1.2,14.7,74,954.9,No Prazo
VJ-10997,25/04/2026,Dedicada,PR-D184,Motorista_040,Silo Francisco Beltrão -> Porto de Paranaguá (PR),580,50.18,182.97,9181.43,331.4,1.75,2038.11,340.0,0.0,2378.11,6803.32,4.1,47.39,10.0,3.7,41.6,55.3,65,888.2,No Prazo
VJ-10998,25/04/2026,Dedicada,PR-D137,Motorista_117,Silo Realeza -> Transbordo Ferroviário (PR),280,49.28,106.7,5258.18,163.7,1.71,1006.76,160.0,0.0,1166.76,4091.42,4.17,23.68,5.1,2.3,1.1,8.5,78,438.7,No Prazo
VJ-10999,25/04/2026,Dedicada,PR-D148,Motorista_096,Silo Francisco Beltrão -> Porto de Paranaguá (PR),580,48.29,202.83,9794.66,347.3,1.67,2135.9,340.0,0.0,2475.9,7318.76,4.27,51.27,10.0,3.1,3.4,16.5,76,930.8,No Prazo
